,Name,Current Price,Sale Price,Market Cap,Raised,ROI Usd,Ath ROI,Type,Tge Platform,Ended,Time of Crawl
1,METADOGE MTDU,-,-,-,"$20,000 ",-,-,IDO,Kingdom Game 4.0,Aug 18,2022/11/12
2,Monsterra MSTR,-,$0.20 ,-,"$92,000 ",-,-,IDO,Red Kite,Aug 16,2022/11/12
3,Monsterra MSTR,-,$0.20 ,-,"$131,000 ",-,-,IDO,GameFi,Aug 16,2022/11/12
4,Monsterra MSTR,-,$0.20 ,-,"$150,000 ",-,-,IDO,Poolz,Aug 16,2022/11/12
5,DEFY DEFY,-,$0.02 ,-,"$200,000 ",-,-,IDO,Polkastarter,Aug 15,2022/11/12
6,GEMS - Esports 3.0 Platform GEMS,-,$0 ,-,"$100,000 ",-,-,IDO,Polkabridge,Jul 27,2022/11/12
7,GEMS - Esports 3.0 Platform GEMS,-,$0 ,-,"$100,000 ",-,-,IDO,Kommunitas,Jul 26,2022/11/12
8,GEMS - Esports 3.0 Platform GEMS,-,$0 ,-,"$100,000 ",-,-,IDO,Polkabridge,Jul 21,2022/11/12
9,MCity MCT,-,$0.01 ,-,"$300,000 ",-,-,IDO,BSCStation,Jul 18,2022/11/12
10,MCity MCT,-,$0.01 ,-,"$300,000 ",-,-,IDO,BSCStation,Jul 18,2022/11/12
11,MCity MCT,-,$0.01 ,-,"$100,000 ",-,-,IDO,BinStarter,Jul 17,2022/11/12
12,Trivians TRIVIA,$0.01 ,$0.03 ,"$1,159,666 ","$1,750,000 ",0.33x,-,IDO,PancakeSwap,Jul 07,2022/11/12
13,Revoland,-,$0.60 ,-,"$50,000 ",-,-,IDO,Gamestarter,Jun 20,2022/11/12
14,MCity MCT,-,-,-,"$20,000 ",-,-,IDO,Kingdom Game 4.0,Jun 18,2022/11/12
15,WingStep,-,-,-,"$20,000 ",-,-,IDO,Kingdom Game 4.0,Jun 11,2022/11/12
16,Outlanders LAND,-,$0.01 ,-,"$50,000 ",-,-,IDO,Polkabridge,Jun 10,2022/11/12
17,Oceanland OLAND,$0 ,$0.03 ,-,"$288,000 ",0.24x,-,IDO,GameFi,Jun 07,2022/11/12
18,Oceanland OLAND,$0 ,$0.03 ,-,"$288,000 ",0.24x,-,IDO,Red Kite,Jun 07,2022/11/12
19,Oceanland OLAND,$0 ,-,-,"$288,000 ",-,-,IDO,GameFi,Jun 06,2022/11/12
20,Outlanders LAND,-,-,-,"$100,000 ",-,-,Private,MoonStarter,May 27,2022/11/12
21,Outlanders LAND,-,-,-,"$100,000 ",-,-,IDO,MoonStarter,May 27,2022/11/12
22,Bikearn RTE,-,-,-,"$250,000 ",-,-,IDO,BSCStation,May 26,2022/11/12
23,PlayZap PLAYZAP,-,-,-,-,-,-,Private,Infinite Launch,May 26,2022/11/12
24,X-Metaverse XMETA,$0 ,-,-,"$150,000 ",-,-,IDO,GameFi,May 25,2022/11/12
25,X-Metaverse XMETA,$0 ,-,-,"$200,000 ",-,-,IDO,Red Kite,May 25,2022/11/12
26,Bikearn RTE,-,-,-,"$100,000 ",-,-,IDO,BinStarter,May 25,2022/11/12
27,Bikearn RTE,-,-,-,"$120,000 ",-,-,IDO,Kommunitas,May 25,2022/11/12
28,Snake City SNCT,-,$0.02 ,-,"$600,000 ",-,-,IDO,Avalaunch,May 24,2022/11/12
29,MangaMon MAN,-,$0.40 ,-,"$5,894 ",-,-,IDO,FantomStarter,May 23,2022/11/12
30,Moonfrost FROST,-,-,-,"$54,000 ",-,-,IDO,Solanium,May 23,2022/11/12
31,DeepBlueSea DBEA,-,$0.30 ,-,"$200,000 ",-,-,IDO,Zelwin Finance,May 17,2022/11/12
32,iStep ISTEP,-,$0.01 ,-,"$250,000 ",-,-,IDO,BSCStation,May 16,2022/11/12
33,iStep ISTEP,-,$0.01 ,-,"$120,000 ",-,-,IDO,Kommunitas,May 16,2022/11/12
34,iStep ISTEP,-,$0.01 ,-,"$100,000 ",-,-,IDO,BinStarter,May 16,2022/11/12
35,CanaBoyz CNB,-,$0 ,-,"$100,000 ",-,-,IDO,Roseon Finance,May 13,2022/11/12
36,Fight Of The Ages FOTA,$0.02 ,-,"$190,657 ","$10,000 ",-,-,Private,Koistarter,May 12,2022/11/12
37,Creo Engine CREO,-,-,-,"$50,000 ",-,-,Private,FantomStarter,May 04,2022/11/12
38,Goons of Balatroon GOB,-,-,-,"$50,000 ",-,-,IDO,Koistarter,May 04,2022/11/12
39,GEMS - Esports 3.0 Platform GEMS,-,-,-,"$400,000 ",-,-,IDO,Seedify,May 04,2022/11/12
40,Eizper Chain EIZ,-,-,-,"$300,000 ",-,-,IDO,Solanium,May 03,2022/11/12
41,GEMS - Esports 3.0 Platform GEMS,-,-,-,"$150,000 ",-,-,Strategic,Seedify,May 03,2022/11/12
42,Nomadland NOMAD,-,$0.25 ,-,"$100,000 ",-,-,IDO,BinStarter,Apr 30,2022/11/12
43,Nomadland NOMAD,-,$0.25 ,-,"$200,000 ",-,-,IDO,Roseon Finance,Apr 30,2022/11/12
44,Nomadland NOMAD,-,$0.25 ,-,"$50,000 ",-,-,IDO,Zelwin Finance,Apr 30,2022/11/12
45,Zone of Avoidance ZOA,-,$0.02 ,-,"$400,000 ",-,-,IDO,PAID Network,Apr 29,2022/11/12
46,Zone of Avoidance ZOA,-,$0.02 ,-,"$150,000 ",-,-,IDO,Kommunitas,Apr 28,2022/11/12
47,Zone of Avoidance ZOA,-,$0.02 ,-,"$100,000 ",-,-,IDO,BinStarter,Apr 28,2022/11/12
48,Zone of Avoidance ZOA,-,$0.02 ,-,"$100,000 ",-,-,IDO,LuaStarter,Apr 28,2022/11/12
49,Wonderman Nation WNDR,-,$0.09 ,-,"$800,000 ",-,-,IDO,Polkastarter,Apr 28,2022/11/12
50,Snail Trail SLIME,-,$0.06 ,-,"$1,188,000 ",-,-,IDO,Avalaunch,Apr 28,2022/11/12
51,MetaSpets MSP,$0 ,$0.04 ,-,"$180,000 ",0.01x,-,IDO,GameFi,Apr 27,2022/11/12
52,Creo Engine CREO,-,$0.04 ,-,"$195,000 ",-,-,IDO,Infinity Pad,Apr 27,2022/11/12
53,Cricket Star Manager CSM,$0.02 ,$0.20 ,-,"$500,000 ",0.1x,-,IDO,StarLaunch,Apr 27,2022/11/12
54,Creo Engine CREO,-,$0.04 ,-,"$150,000 ",-,-,IDO,Gamestarter,Apr 27,2022/11/12
55,Legends of Elumia ELU,-,$0.05 ,-,"$200,000 ",-,-,IDO,GameFi,Apr 26,2022/11/12
56,Creo Engine CREO,-,$0.04 ,-,"$100,000 ",-,-,IDO,Kommunitas,Apr 26,2022/11/12
57,Taroverse TARO,-,-,-,"$10,000 ",-,-,Private,Koistarter,Apr 26,2022/11/12
58,Taroverse TARO,-,$0.01 ,-,"$150,000 ",-,-,IDO,BinStarter,Apr 25,2022/11/12
59,Legend Of Galaxy GAE,-,$0.02 ,-,"$50,000 ",-,-,IDO,Polkabridge,Apr 25,2022/11/12
60,Basketballverse BVR,-,$0.15 ,-,"$300,000 ",-,-,IDO,Impossible Finance,Apr 23,2022/11/12
61,Taroverse TARO,-,$0.01 ,-,"$75,000 ",-,-,IDO,Kommunitas,Apr 23,2022/11/12
62,Taroverse TARO,-,$0.01 ,-,"$150,000 ",-,-,IDO,BSCStation,Apr 23,2022/11/12
63,Legends of Elumia ELU,-,$0.05 ,-,"$100,000 ",-,-,IDO,FireStarter,Apr 22,2022/11/12
64,MetaChess SHAH,$0 ,$0.03 ,-,"$150,000 ",-,-,IDO,BSCStation,Apr 22,2022/11/12
65,Legend Of Galaxy GAE,-,$0.02 ,-,"$70,000 ",-,-,IDO,BSClaunch,Apr 22,2022/11/12
66,Plant Exodus PEXO,-,$0.02 ,-,"$100,000 ",-,-,IDO,Red Kite,Apr 22,2022/11/12
67,MetaDerby DBY,-,$0.04 ,-,"$1,000,000 ",-,-,IDO,Avalaunch,Apr 22,2022/11/12
68,MetaChess SHAH,$0 ,-,-,-,-,-,IDO,Infinity Pad,Apr 22,2022/11/12
69,MetaBomb MTB,$0 ,-,-,"$350,000 ",-,-,IDO,LaunchZone,Apr 22,2022/11/12
70,Legend Of Galaxy GAE,-,$0.02 ,-,"$80,000 ",-,-,IDO,DAOLaunch,Apr 21,2022/11/12
71,MetaShooter MHUNT,-,$0.13 ,-,"$285,000 ",-,-,IDO,GameZone,Apr 21,2022/11/12
72,MetaShooter MHUNT,-,$0.13 ,-,"$285,000 ",-,-,IDO,BSCPad,Apr 21,2022/11/12
73,Wonderman Nation WNDR,-,$0.09 ,-,"$200,000 ",-,-,IDO,ChainBoost,Apr 21,2022/11/12
74,CanaBoyz CNB,-,$0 ,-,"$50,000 ",-,-,IDO,Zelwin Finance,Apr 21,2022/11/12
75,OkLetsPlay OKLP,$0 ,$0.02 ,-,"$1,250,000 ",0.13x,-,IDO,Polkastarter,Apr 20,2022/11/12
76,Taroverse TARO,-,$0.01 ,-,"$20,000 ",-,-,IDO,Koistarter,Apr 20,2022/11/12
77,Legends of Elumia ELU,-,$0.05 ,-,"$200,000 ",-,-,IDO,StarLaunch,Apr 19,2022/11/12
78,Plato Farm PLATO,-,$0.05 ,-,"$1,000,000 ",-,-,IDO,Kommunitas,Apr 18,2022/11/12
79,MetaShooter MHUNT,-,-,-,"$200,000 ",-,-,Private,PAID Network,Apr 18,2022/11/12
80,MetaShooter MHUNT,-,-,-,"$50,000 ",-,-,Private,Starter,Apr 18,2022/11/12
81,Jungle Road JGRD,-,$0.04 ,-,"$161,500 ",-,-,IDO,TrustPad,Apr 16,2022/11/12
82,MetaShooter MHUNT,-,-,-,"$50,000 ",-,-,Private,Kommunitas,Apr 16,2022/11/12
83,Cens World CENS,-,$0.06 ,-,"$50,000 ",-,-,IDO,BSClaunch,Apr 15,2022/11/12
84,Realms Of Ethernity RETH,-,$0.03 ,-,"$300,000 ",-,-,IDO,Seedify,Apr 13,2022/11/12
85,Realms Of Ethernity RETH,-,$0.03 ,-,"$161,500 ",-,-,IDO,TrustPad,Apr 13,2022/11/12
86,Plutonians DAO RPC,-,-,-,"$125,000 ",-,-,Private,Enjinstarter,Apr 12,2022/11/12
87,Sugar Kingdom CANDY,$0.01 ,$0.16 ,-,"$75,000 ",0.09x,-,IDO,BinStarter,Apr 11,2022/11/12
88,Sugar Kingdom CANDY,$0.01 ,$0.16 ,-,"$50,000 ",0.09x,-,IDO,Roseon Finance,Apr 11,2022/11/12
89,MetaFighter MF,$0 ,$0.01 ,-,"$150,000 ",0.04x,-,IDO,Enjinstarter,Apr 11,2022/11/12
90,Avania NOVA,-,$0.08 ,-,"$190,000 ",-,-,IDO,TrustPad,Apr 10,2022/11/12
91,Sugar Kingdom CANDY,$0.01 ,$0.16 ,-,"$190,000 ",0.09x,-,IDO,TrustPad,Apr 09,2022/11/12
92,Sugar Kingdom CANDY,$0.01 ,-,-,"$40,000 ",-,-,Private 2,TrustPad,Apr 09,2022/11/12
93,Drunk Robots METAL,-,$0.01 ,-,"$50,000 ",-,-,IDO,TrustPad,Apr 07,2022/11/12
94,Drunk Robots METAL,-,$0.01 ,-,"$200,000 ",-,-,IDO,GameFi,Apr 07,2022/11/12
95,Bountie Hunter BOUNTIE,$0 ,$0.02 ,"$2,026 ","$100,000 ",0.02x,-,IDO,Kommunitas,Apr 06,2022/11/12
96,Animverse ANM,-,$0.02 ,-,"$100,000 ",-,-,IDO,BSCStation,Apr 05,2022/11/12
97,Bountie Hunter BOUNTIE,$0 ,$0.02 ,"$2,026 ","$100,000 ",0.02x,-,IDO,Infinity Pad,Apr 05,2022/11/12
98,Bountie Hunter BOUNTIE,$0 ,$0.02 ,"$2,026 ","$150,000 ",0.02x,-,IDO,Enjinstarter,Apr 04,2022/11/12
99,Animverse ANM,-,$0.02 ,-,"$60,000 ",-,-,IDO,LuaStarter,Apr 03,2022/11/12
100,MetaFighter MF,$0 ,$0.01 ,-,"$243,679 ",0.04x,-,IDO,GameStation,Apr 01,2022/11/12
101,Mollector MOL,-,-,-,"$4,500 ",-,-,Private,Kingdom Game 4.0,Mar 31,2022/11/12
102,Vulcano VULC,$0 ,$0.10 ,-,"$130,000 ",0.02x,-,IDO,BullPerks,Mar 31,2022/11/12
103,Mollector MOL,-,-,-,"$30,000 ",-,-,IDO,Kingdom Game 4.0,Mar 30,2022/11/12
104,MStation MST,-,-,-,-,-,-,IDO,Kingdom Game 4.0,Mar 30,2022/11/12
105,Vulcano VULC,$0 ,$0.10 ,-,"$200,000 ",0.02x,-,IDO,GameFi,Mar 30,2022/11/12
106,Raiders NFT R4ID,-,$0 ,-,"$50,000 ",-,-,IDO,CyberFi,Mar 30,2022/11/12
107,Bountie Hunter BOUNTIE,$0 ,-,"$2,026 ","$30,000 ",-,-,Private,MoonStarter,Mar 30,2022/11/12
108,MetaChess SHAH,$0 ,$0.04 ,-,"$304,000 ",-,-,IDO,TrustPad,Mar 29,2022/11/12
109,Mecha Morphing -,-,$0.40 ,-,"$400,000 ",-,-,IDO,Polkastarter,Mar 29,2022/11/12
110,Dead Knight DKM,$0 ,$0.03 ,-,"$50,000 ",-,-,IDO,MoonStarter,Mar 29,2022/11/12
111,Nunu Spirits NNT,$0.01 ,$0.06 ,-,"$50,000 ",0.32x,-,IDO,DAOLaunch,Mar 29,2022/11/12
112,MStation MST,-,$0.18 ,-,-,-,-,IDO,BinStarter,Mar 29,2022/11/12
113,MetaFighter MF,$0 ,$0.01 ,-,"$110,000 ",0.04x,-,IDO,BullPerks,Mar 29,2022/11/12
114,Dead Knight DKM,$0 ,$0.03 ,-,"$150,000 ",-,-,IDO,TrustPad,Mar 28,2022/11/12
115,Mollector MOL,-,$0.01 ,-,"$100,000 ",-,-,IDO,LuaStarter,Mar 28,2022/11/12
116,MetaChess SHAH,$0 ,$0.04 ,-,"$30,000 ",-,-,IDO,Koistarter,Mar 28,2022/11/12
117,Mollector MOL,-,$0.01 ,-,"$100,000 ",-,-,IDO,DAOLaunch,Mar 27,2022/11/12
118,MetaFighter MF,$0 ,-,-,"$50,000 ",-,-,Private 2,Synapse Network,Mar 27,2022/11/12
119,Dark Land Survival BIG,$0 ,$0.05 ,-,"$100,000 ",0.02x,-,IDO,Krystal GO,Mar 26,2022/11/12
120,Nomad Exile PRIDE,-,$0.10 ,-,"$250,000 ",-,-,IDO,Kommunitas,Mar 26,2022/11/12
121,Nomad Exile PRIDE,-,$0.10 ,-,"$100,000 ",-,-,IDO,Polkabridge,Mar 26,2022/11/12
122,Samurai Legends SMG,$0 ,$0.06 ,"$187,101 ","$380,000 ",0.06x,-,IDO,TrustPad,Mar 25,2022/11/12
123,MetaFighter MF,$0 ,$0.01 ,-,"$97,500 ",0.04x,-,IDO,TrustSwap,Mar 25,2022/11/12
124,Dark Land Survival BIG,$0 ,$0.05 ,-,"$100,000 ",0.02x,-,IDO,LuaStarter,Mar 25,2022/11/12
125,MStation MST,-,$0.18 ,-,"$234,000 ",-,-,IDO,BSCStation,Mar 25,2022/11/12
126,MStation MST,-,$0.18 ,-,"$80,000 ",-,-,IDO,DAOLaunch,Mar 25,2022/11/12
127,Sugar Kingdom CANDY,$0.01 ,$0.16 ,-,"$100,000 ",0.09x,-,IDO,DuckSTARTER,Mar 25,2022/11/12
128,Creo Engine CREO,-,$0.04 ,-,"$100,000 ",-,-,IDO,MoonStarter,Mar 25,2022/11/12
129,Creo Engine CREO,-,$0.04 ,-,"$100,000 ",-,-,IDO,Synapse Network,Mar 25,2022/11/12
130,Dark Land Survival BIG,$0 ,$0.05 ,-,"$146,250 ",0.02x,-,IDO,TrustPad,Mar 24,2022/11/12
131,Karmaverse KNOT,$0.05 ,$0.50 ,-,"$200,000 ",0.1x,-,IDO,PAID Network,Mar 24,2022/11/12
132,Supernova SNT,$0.01 ,$0.30 ,-,"$500,000 ",0.05x,-,IDO,Seedify,Mar 24,2022/11/12
133,Supernova SNT,$0.01 ,$0.30 ,-,"$150,000 ",0.05x,-,IDO,Kommunitas,Mar 23,2022/11/12
134,Hoglympics HOGS,-,$0.02 ,-,"$50,000 ",-,-,IDO,Starter,Mar 23,2022/11/12
135,Dragon War DRAW,$0 ,$0.01 ,-,"$142,000 ",0.09x,-,IDO,Solanium,Mar 23,2022/11/12
136,Dragon War DRAW,$0 ,$0.01 ,-,"$100,000 ",0.09x,-,IDO,Red Kite,Mar 23,2022/11/12
137,Penguin Karts PGK,-,$0.04 ,-,"$100,000 ",-,-,IDO,FantomStarter,Mar 23,2022/11/12
138,GAMI GAMI,$0.31 ,$0.10 ,"$10,693,535 ","$100,000 ",3.12x,-,IDO,FantomStarter,Mar 23,2022/11/12
139,Nomad Exile PRIDE,-,$0.10 ,-,"$190,000 ",-,-,IDO,TrustPad,Mar 23,2022/11/12
140,Supernova SNT,$0.01 ,-,-,"$200,000 ",-,-,Private,Seedify,Mar 23,2022/11/12
141,Galaxy Blitz MIT,$0.21 ,$1 ,"$1,041,566 ","$190,000 ",0.21x,-,IDO,TrustPad,Mar 22,2022/11/12
142,Penguin Karts PGK,-,$0.04 ,-,"$400,000 ",-,-,IDO,Seedify,Mar 22,2022/11/12
143,Nomad Exile PRIDE,-,$0.10 ,-,"$150,000 ",-,-,IDO,MoonStarter,Mar 22,2022/11/12
144,Wizardia WZRD,$0 ,$0.12 ,-,"$50,000 ",0.03x,-,IDO,DAOLaunch,Mar 22,2022/11/12
145,Wizardia WZRD,$0 ,$0.12 ,-,"$200,000 ",0.03x,-,IDO,Enjinstarter,Mar 22,2022/11/12
146,MStation MST,-,$0.18 ,-,"$250,000 ",-,-,IDO,LaunchZone,Mar 22,2022/11/12
147,Penguin Karts PGK,-,$0.04 ,-,"$190,000 ",-,-,IDO,TrustPad,Mar 21,2022/11/12
148,Galaxy Blitz MIT,$0.21 ,$1 ,"$1,041,566 ","$100,000 ",0.21x,-,IDO,Infinite Launch,Mar 20,2022/11/12
149,Penguin Karts PGK,-,$0.04 ,-,"$125,000 ",-,-,IDO,BullPerks,Mar 20,2022/11/12
150,Nomad Exile PRIDE,-,$0.10 ,-,"$200,000 ",-,-,IDO,Gamestarter,Mar 20,2022/11/12
151,GameYoo GYC,$0 ,$0.18 ,-,"$50,000 ",-,-,IDO,DAOLaunch,Mar 19,2022/11/12
152,Nomad Exile PRIDE,-,$0.10 ,-,"$50,000 ",-,-,IDO,DAOLaunch,Mar 19,2022/11/12
153,Wizardia WZRD,$0 ,$0.12 ,-,"$200,000 ",0.03x,-,IDO,TrustPad,Mar 19,2022/11/12
154,Galaxy Blitz MIT,$0.21 ,$1 ,"$1,041,566 ","$200,000 ",0.21x,-,IDO,BinStarter,Mar 18,2022/11/12
155,MechaChain MECHA,$0 ,$0.70 ,"$2,232 ","$100,000 ",-,-,IDO,Kommunitas,Mar 18,2022/11/12
156,Ashward ASC,$0 ,$0.03 ,-,"$100,000 ",0.02x,-,IDO,Krystal GO,Mar 18,2022/11/12
157,MechaChain MECHA,$0 ,$0.70 ,"$2,232 ","$75,000 ",-,-,IDO,TruePNL,Mar 18,2022/11/12
158,MUNDO $MUNDO,$0 ,$0.18 ,-,"$400,000 ",0.01x,-,IDO,PAID Network,Mar 18,2022/11/12
159,Galaxy Blitz MIT,$0.21 ,$1 ,"$1,041,566 ","$50,000 ",0.21x,-,IDO,LuaStarter,Mar 18,2022/11/12
160,Nomad Exile PRIDE,-,$0.10 ,-,"$400,000 ",-,-,IDO,Seedify,Mar 18,2022/11/12
161,Wizardia WZRD,$0 ,$0.12 ,-,"$100,000 ",0.03x,-,IDO,Roseon Finance,Mar 18,2022/11/12
162,GameYoo GYC,$0 ,-,-,"$218,559 ",-,-,IDO,TrustPad,Mar 18,2022/11/12
163,Time Raiders XPND,-,$0.02 ,-,"$200,000 ",-,-,IDO,Enjinstarter,Mar 17,2022/11/12
164,MUNDO $MUNDO,$0 ,$0.18 ,-,"$190,018 ",0.01x,-,IDO,TrustPad,Mar 17,2022/11/12
165,Time Raiders XPND,-,$0.02 ,-,"$200,000 ",-,-,IDO,BinStarter,Mar 17,2022/11/12
166,Time Raiders XPND,-,$0.02 ,-,"$150,000 ",-,-,IDO,Synapse Network,Mar 17,2022/11/12
167,Nomad Exile PRIDE,-,$0.10 ,-,"$100,000 ",-,-,IDO,TruePNL,Mar 17,2022/11/12
168,Time Raiders XPND,-,-,-,"$50,000 ",-,-,Private 2,Synapse Network,Mar 17,2022/11/12
169,MetaFighter MF,$0 ,-,-,"$150,000 ",-,-,Private,Roseon Finance,Mar 17,2022/11/12
170,CryptoZeroFi ZERI,$0 ,-,-,"$20,000 ",-,-,Private,Kingdom Game 4.0,Mar 16,2022/11/12
171,GAMI GAMI,$0.31 ,$0.10 ,"$10,693,535 ","$200,000 ",3.12x,-,IDO,Roseon Finance,Mar 16,2022/11/12
172,Etermon ETM,$0.01 ,$0.02 ,"$630,334 ","$80,000 ",0.79x,-,IDO,ZeeDO,Mar 16,2022/11/12
173,Time Raiders XPND,-,-,-,"$150,000 ",-,-,Private 2,Enjinstarter,Mar 16,2022/11/12
174,Infinity Arena INAZ,$0 ,-,-,"$10,000 ",-,-,Private,Kingdom Game 4.0,Mar 15,2022/11/12
175,Ashward ASC,$0 ,$0.03 ,-,"$142,500 ",0.02x,-,IDO,TrustPad,Mar 15,2022/11/12
176,Fief Guild FIEF,$0.01 ,$0.01 ,"$712,000 ","$1,500,000 ",1.51x,-,IDO,Avalaunch,Mar 15,2022/11/12
177,DarleyGo DGE,$0 ,$0.08 ,"$38,258 ","$1,600,000 ",0.04x,-,IDO,Solanium,Mar 15,2022/11/12
178,MechaChain MECHA,$0 ,$0.70 ,"$2,232 ","$164,714 ",-,-,IDO,TrustPad,Mar 14,2022/11/12
179,Etermon ETM,$0.01 ,$0.02 ,"$630,334 ","$100,000 ",0.79x,-,IDO,Roseon Finance,Mar 14,2022/11/12
180,CryptoZeroFi ZERI,$0 ,$0.02 ,-,"$150,000 ",-,-,IDO,BinStarter,Mar 13,2022/11/12
181,Infinity Arena INAZ,$0 ,$0.01 ,-,"$150,000 ",0.07x,-,IDO,BSCStation,Mar 11,2022/11/12
182,GAMI GAMI,$0.31 ,$0.10 ,"$10,693,535 ","$106,800 ",3.12x,-,IDO,Starter,Mar 11,2022/11/12
183,MechaChain MECHA,$0 ,$0.70 ,"$2,232 ","$70,000 ",-,-,IDO,Gamestarter,Mar 10,2022/11/12
184,Infinity Arena INAZ,$0 ,$0.01 ,-,"$120,000 ",0.09x,-,IDO,LuaStarter,Mar 10,2022/11/12
185,Hydraverse HDV,$0 ,$0.04 ,-,"$150,000 ",0.01x,-,IDO,BinStarter,Mar 09,2022/11/12
186,CryptoZeroFi ZERI,$0 ,$0.02 ,-,"$150,000 ",-,-,IDO,BSCStation,Mar 09,2022/11/12
187,Hydraverse HDV,$0 ,$0.04 ,-,"$150,000 ",0.01x,-,IDO,Enjinstarter,Mar 09,2022/11/12
188,Karmaverse KNOT,$0.05 ,$0.50 ,-,"$125,000 ",0.1x,-,IDO,BullPerks,Mar 07,2022/11/12
189,Karmaverse KNOT,$0.05 ,$0.50 ,-,"$150,000 ",0.1x,-,IDO,Infinite Launch,Mar 07,2022/11/12
190,Nest Arcade NESTA,$0 ,$0.01 ,-,"$200,000 ",0.02x,-,IDO,TrustPad,Mar 06,2022/11/12
191,Nest Arcade NESTA,$0 ,$0.01 ,-,"$400,000 ",0.02x,-,IDO,Solanium,Mar 06,2022/11/12
192,Nest Arcade NESTA,$0 ,$0.01 ,-,"$250,000 ",0.02x,-,IDO,StarLaunch,Mar 05,2022/11/12
193,Rebel Bots - Xoil Wars RBLS,$0.09 ,$0.10 ,"$9,779,545 ","$150,000 ",0.97x,-,IDO,GameFi,Mar 05,2022/11/12
194,Rebel Bots - Xoil Wars RBLS,$0.09 ,$0.10 ,"$9,779,545 ","$150,000 ",0.97x,-,IDO,Red Kite,Mar 04,2022/11/12
195,Outer Ring GQ,$0 ,$0 ,"$1,517,322 ","$200,000 ",0.49x,-,IDO,BSCPad,Mar 03,2022/11/12
196,Wrath of Conquerors: Hegemony WCH,-,-,-,"$84,000 ",-,-,IDO,MoonStarter,Mar 03,2022/11/12
197,Outer Ring GQ,$0 ,$0 ,"$1,517,322 ","$225,000 ",0.49x,-,IDO,LaunchZone,Mar 03,2022/11/12
198,Rebel Bots - Xoil Wars RBLS,$0.09 ,$0.10 ,"$9,779,545 ","$100,000 ",0.97x,-,IDO,Infinity Pad,Mar 03,2022/11/12
199,Outer Ring GQ,$0 ,$0 ,"$1,517,322 ","$100,000 ",0.49x,-,IDO,Kommunitas,Mar 02,2022/11/12
200,Outer Ring GQ,$0 ,$0 ,"$1,517,322 ","$350,000 ",0.49x,-,IDO,Seedify,Mar 02,2022/11/12
201,Nest Arcade NESTA,$0 ,$0.01 ,-,"$100,000 ",0.02x,-,IDO,MoonStarter,Mar 02,2022/11/12
202,Karmaverse KNOT,$0.05 ,$0.50 ,-,"$282,500 ",0.1x,-,IDO,TrustSwap,Feb 28,2022/11/12
203,VisionGame VISION,$0 ,$0.03 ,-,"$600,000 ",0.06x,-,IDO,Solanium,Feb 27,2022/11/12
204,Metan Evolutions METAN,$0 ,$0.15 ,-,"$200,000 ",0.04x,-,IDO,TrustPad,Feb 25,2022/11/12
205,Metan Evolutions METAN,$0 ,$0.15 ,-,"$50,000 ",0.04x,-,IDO,Synapse Network,Feb 25,2022/11/12
206,Endless Battlefield EB,$0 ,$0.20 ,-,"$100,000 ",-,-,IDO,GameStation,Feb 25,2022/11/12
207,Endless Battlefield EB,$0 ,$0.20 ,-,"$75,000 ",-,-,IDO,Kommunitas,Feb 24,2022/11/12
208,Endless Battlefield EB,$0 ,$0.20 ,-,"$100,000 ",-,-,IDO,Starter,Feb 24,2022/11/12
209,Endless Battlefield EB,$0 ,$0.20 ,-,"$750,000 ",-,-,IDO,Roseon Finance,Feb 24,2022/11/12
210,Kyberdyne KBD,$0 ,$0.04 ,-,"$290,000 ",0.07x,-,IDO,Gamestarter,Feb 23,2022/11/12
211,Endless Battlefield EB,$0 ,$0.20 ,-,"$500,000 ",-,-,IDO,TrustPad,Feb 23,2022/11/12
212,Endless Battlefield EB,$0 ,$0.20 ,-,"$150,000 ",-,-,IDO,Synapse Network,Feb 23,2022/11/12
213,Endless Battlefield EB,$0 ,$0.20 ,-,"$50,000 ",-,-,IDO,Polkabridge,Feb 23,2022/11/12
214,OneTo11 1TO11,-,$0.02 ,-,"$150,000 ",-,-,IDO,FireStarter,Feb 23,2022/11/12
215,Orbitau TAUM,$0 ,$0.03 ,-,"$245,000 ",0.01x,-,IDO,Polkastarter,Feb 23,2022/11/12
216,Toyoverse TOYO,-,$0.30 ,-,"$500,000 ",-,-,IDO,Seedify,Feb 22,2022/11/12
217,MetagamZ METAG,$0 ,$0 ,-,"$50,000 ",0.04x,-,IDO,Kommunitas,Feb 22,2022/11/12
218,Ark Rivals ARKN,$0 ,$0.05 ,-,"$300,000 ",0.03x,-,IDO,Polkastarter,Feb 22,2022/11/12
219,Orbitau TAUM,$0 ,$0.03 ,-,"$245,000 ",0.01x,-,IDO,GameFi,Feb 22,2022/11/12
220,Metarun MRUN,$0 ,$0.03 ,"$144,378 ","$75,000 ",0.06x,-,IDO,MoonStarter,Feb 21,2022/11/12
221,Metarun MRUN,$0 ,$0.03 ,"$144,378 ","$175,000 ",0.06x,-,IDO,Red Kite,Feb 21,2022/11/12
222,Metarun MRUN,$0 ,$0.03 ,"$144,378 ","$100,000 ",0.06x,-,IDO,Gamestarter,Feb 20,2022/11/12
223,Metarun MRUN,$0 ,$0.03 ,"$144,378 ","$75,000 ",0.06x,-,IDO,Poolz,Feb 20,2022/11/12
224,Duckie Land MMETA,$0.03 ,$0.50 ,-,"$200,000 ",0.07x,-,IDO,TrustPad,Feb 19,2022/11/12
225,Pirate X Pirate PXP,$0 ,$0.01 ,-,"$100,000 ",0.01x,-,IDO,Gamestarter,Feb 19,2022/11/12
226,Zombie World Z ZWZ,$0 ,-,-,"$7,000 ",-,-,Private,Kingdom Game 4.0,Feb 18,2022/11/12
227,Adroverse ADR,$0 ,$0.02 ,-,"$200,000 ",0.06x,-,IDO,TrustPad,Feb 18,2022/11/12
228,Metarun MRUN,$0 ,$0.03 ,"$144,378 ","$75,000 ",0.06x,-,IDO,Scaleswap,Feb 18,2022/11/12
229,Duckie Land MMETA,$0.03 ,$0.50 ,-,"$100,000 ",0.07x,-,IDO,Starter,Feb 18,2022/11/12
230,Pirate X Pirate PXP,$0 ,$0.01 ,-,"$100,000 ",0.01x,-,IDO,MoonStarter,Feb 18,2022/11/12
231,Pirate X Pirate PXP,$0 ,$0.01 ,-,"$190,000 ",0.01x,-,IDO,BinStarter,Feb 18,2022/11/12
232,BattleVerse BVC,$0 ,$0.05 ,-,"$150,000 ",0.06x,-,IDO,GameStation,Feb 18,2022/11/12
233,Kyberdyne KBD,$0 ,$0.04 ,-,"$150,000 ",0.07x,-,IDO,Infinity Pad,Feb 18,2022/11/12
234,DragonSB (SB Group) SB,$0 ,$0.15 ,-,"$200,000 ",0.01x,-,IDO,DAO Maker,Feb 18,2022/11/12
235,Era7: Game of Truth ERA,$0.07 ,$0.09 ,-,"$1,800,000 ",0.87x,-,IDO,PancakeSwap,Feb 18,2022/11/12
236,BattleVerse BVC,$0 ,$0.05 ,-,"$150,000 ",0.06x,-,IDO,BullPerks,Feb 17,2022/11/12
237,BattleVerse BVC,$0 ,$0.05 ,-,"$350,000 ",0.06x,-,IDO,Seedify,Feb 17,2022/11/12
238,BattleVerse BVC,$0 ,$0.05 ,-,"$200,000 ",0.06x,-,IDO,Enjinstarter,Feb 17,2022/11/12
239,BattleVerse BVC,$0 ,$0.05 ,-,"$200,000 ",0.06x,-,IDO,TruePNL,Feb 17,2022/11/12
240,Plutonians DAO RPC,-,$0.12 ,-,"$400,000 ",-,-,IDO,StarLaunch,Feb 16,2022/11/12
241,MetagamZ METAG,$0 ,$0 ,-,"$100,000 ",0.04x,-,IDO,GameStation,Feb 16,2022/11/12
242,Arenum ARN,$0.03 ,$0.37 ,-,"$150,000 ",0.09x,-,IDO,OccamRazer,Feb 15,2022/11/12
243,Plutonians DAO RPC,-,$0.12 ,-,"$125,000 ",-,-,IDO,BullPerks,Feb 14,2022/11/12
244,MetagamZ METAG,$0 ,$0 ,-,"$150,000 ",0.04x,-,IDO,BullPerks,Feb 13,2022/11/12
245,Plutonians DAO RPC,-,$0.12 ,-,"$500,000 ",-,-,IDO,Seedify,Feb 12,2022/11/12
246,World of Cryptoids CAC,-,$0.05 ,-,"$100,000 ",-,-,IDO,GenPad,Feb 12,2022/11/12
247,GridZone.io ZONE,$0.04 ,$0.03 ,"$218,516 ","$250,000 ",1.06x,-,IDO,Enjinstarter,Feb 09,2022/11/12
248,KingdomX KT,$0 ,$0.01 ,"$231,981 ","$30,000 ",0.13x,-,IDO,Gamestarter,Feb 06,2022/11/12
249,NFT4Play 4PLAY,-,$0.01 ,-,"$200,000 ",-,-,IDO,MoonStarter,Feb 04,2022/11/12
250,GameUp GMU,-,$0.05 ,-,"$150,000 ",-,-,IDO,MoonStarter,Feb 04,2022/11/12
251,KingdomX KT,$0 ,$0.01 ,"$231,981 ","$120,000 ",0.13x,-,IDO,DAO Maker,Feb 04,2022/11/12
252,Lunaverse LUV,$0 ,$0.04 ,"$91,665 ","$200,000 ",0.02x,-,IDO,TrustPad,Feb 03,2022/11/12
253,InpulseX IPX,$0 ,-,"$758,341 ","$105,450 ",-,-,IDO,Starter,Feb 02,2022/11/12
254,Heroes of NFT HON,-,$0.10 ,-,"$1,000,000 ",-,-,IDO,Avalaunch,Jan 31,2022/11/12
255,ProtoReality Games PRGC,-,$0.05 ,-,"$2,000,000 ",-,-,IDO,Solanium,Jan 29,2022/11/12
256,Nunu Spirits NNT,$0.01 ,$0.06 ,-,"$200,000 ",0.32x,-,IDO,Gamestarter,Jan 29,2022/11/12
257,Affyn FYN,$0.04 ,$0.14 ,"$10,281,504 ","$100,000 ",0.32x,-,IDO,GameStation,Jan 29,2022/11/12
258,Affyn FYN,$0.04 ,$0.14 ,"$10,281,504 ","$400,000 ",0.32x,-,IDO,PAID Network,Jan 28,2022/11/12
259,Affyn FYN,$0.04 ,$0.14 ,"$10,281,504 ","$100,000 ",0.32x,-,IDO,Kommunitas,Jan 28,2022/11/12
260,Affyn FYN,$0.04 ,$0.14 ,"$10,281,504 ","$80,000 ",0.32x,-,IDO,TruePNL,Jan 28,2022/11/12
261,Pandora DORA,-,$0.01 ,-,"$100,000 ",-,-,IDO,Roseon Finance,Jan 27,2022/11/12
262,Nunu Spirits NNT,$0.01 ,$0.06 ,-,"$200,007 ",0.32x,-,IDO,TrustPad,Jan 27,2022/11/12
263,Spellfire SPELLFIRE,$0 ,$0.02 ,-,"$250,000 ",0.03x,-,IDO,GameFi,Jan 26,2022/11/12
264,Spellfire SPELLFIRE,$0 ,$0.02 ,-,"$250,000 ",0.03x,-,IDO,DAO Maker,Jan 25,2022/11/12
265,Space Falcon FCON,$0 ,$0 ,-,"$500,000 ",0.11x,-,IDO,AcceleRaytor,Jan 25,2022/11/12
266,Nunu Spirits NNT,$0.01 ,$0.06 ,-,"$200,000 ",0.32x,-,IDO,Vent Finance,Jan 24,2022/11/12
267,Nunu Spirits NNT,$0.01 ,$0.06 ,-,"$90,000 ",0.32x,-,IDO,BSClaunch,Jan 22,2022/11/12
268,Dinoland DNL,$0 ,$0.01 ,-,"$150,000 ",0.02x,-,IDO,BinStarter,Jan 22,2022/11/12
269,Himo World HIMO,$0 ,$0.04 ,-,"$100,000 ",0.08x,-,IDO,TrustPad,Jan 22,2022/11/12
270,Himo World HIMO,$0 ,$0.04 ,-,"$75,000 ",0.08x,-,IDO,Gamestarter,Jan 22,2022/11/12
271,Himo World HIMO,$0 ,$0.04 ,-,"$120,000 ",0.08x,-,IDO,Poolz,Jan 22,2022/11/12
272,Dinoland DNL,$0 ,$0.01 ,-,"$200,001 ",0.02x,-,IDO,TrustPad,Jan 21,2022/11/12
273,Space Falcon FCON,$0 ,$0 ,-,"$70,000 ",0.11x,-,IDO,MoonStarter,Jan 21,2022/11/12
274,Midoland MIDO,-,$0.01 ,-,"$200,000 ",-,-,IDO,BSCStation,Jan 20,2022/11/12
275,Himo World HIMO,$0 ,$0.04 ,-,"$100,000 ",0.08x,-,IDO,GameStation,Jan 20,2022/11/12
276,Himo World HIMO,$0 ,$0.04 ,-,"$100,000 ",0.08x,-,IDO,GenPad,Jan 20,2022/11/12
277,Mobland SYNR,$0.01 ,$0.02 ,-,"$200,000 ",0.51x,-,IDO,TrustPad,Jan 20,2022/11/12
278,Mobland SYNR,$0.01 ,$0.02 ,-,"$500,000 ",0.51x,-,IDO,Polkastarter,Jan 20,2022/11/12
279,Mobland SYNR,$0.01 ,$0.02 ,-,"$200,000 ",0.51x,-,IDO,Seedify,Jan 20,2022/11/12
280,Tank Battle TBL,$0 ,$0.02 ,-,"$200,000 ",0.02x,-,IDO,LaunchZone,Jan 20,2022/11/12
281,Oort Digital OORT,-,$0 ,-,"$200,000 ",-,-,IDO,ChainBoost,Jan 19,2022/11/12
282,Metaxy MXY,$0 ,$0.01 ,-,"$150,000 ",0.01x,-,IDO,BinStarter,Jan 19,2022/11/12
283,GemUni GENI,$0 ,$0.20 ,-,"$100,000 ",0.04x,-,IDO,Krystal GO,Jan 19,2022/11/12
284,GemUni GENI,$0 ,$0.20 ,-,"$150,000 ",0.04x,-,IDO,Red Kite,Jan 19,2022/11/12
285,GemUni GENI,$0 ,$0.20 ,-,"$150,000 ",0.04x,-,IDO,GameFi,Jan 19,2022/11/12
286,Tank Wars Zone WBOND,$0 ,$0.02 ,-,"$50,000 ",0.04x,-,IDO,GameStation,Jan 19,2022/11/12
287,Nintia Estate NINTI,$0 ,$0.03 ,-,"$300,000 ",0.02x,-,IDO,Gamestarter,Jan 18,2022/11/12
288,Space Misfits SMCW,$0.02 ,$0.16 ,-,"$200,000 ",0.15x,-,IDO,PAID Network,Jan 18,2022/11/12
289,Duckie Land MMETA,$0.03 ,$0.50 ,-,"$200,000 ",0.07x,-,IDO,BinStarter,Jan 18,2022/11/12
290,Metaxy MXY,$0 ,$0.01 ,-,"$120,000 ",0.01x,-,IDO,Koistarter,Jan 18,2022/11/12
291,Metaxy MXY,$0 ,$0.01 ,-,"$100,000 ",0.01x,-,IDO,GameStation,Jan 18,2022/11/12
292,Metaxy MXY,$0 ,$0.01 ,-,"$80,000 ",0.01x,-,IDO,DAOLaunch,Jan 18,2022/11/12
293,Froyo Games FROYO,$0 ,$0.06 ,"$1,526,989 ","$4,000,000 ",0.16x,-,IDO,PancakeSwap,Jan 18,2022/11/12
294,Heroes Chained HEC,$0.03 ,$0.35 ,-,"$1,000,000 ",0.1x,-,IDO,Avalaunch,Jan 18,2022/11/12
295,MetaGear GEAR,$0 ,$0.02 ,-,"$100,000 ",0.06x,-,IDO,Krystal GO,Jan 18,2022/11/12
296,MetaGear GEAR,$0 ,$0.02 ,-,"$125,000 ",0.06x,-,IDO,Poolz,Jan 18,2022/11/12
297,Gensokishi Online - Meta World MV,-,$0.01 ,-,"$200,002 ",-,-,IDO,TrustPad,Jan 18,2022/11/12
298,Gladian GLD,-,$0.02 ,-,"$210,673 ",-,-,IDO,CyberFi,Jan 17,2022/11/12
299,Space Misfits SMCW,$0.02 ,$0.16 ,-,"$200,000 ",0.15x,-,IDO,Enjinstarter,Jan 17,2022/11/12
300,Arenum ARN,$0.03 ,$0.37 ,-,"$200,049 ",0.09x,-,IDO,TrustPad,Jan 17,2022/11/12
301,Heroes Chained HEC,$0.03 ,$0.35 ,-,"$400,000 ",0.1x,-,IDO,Seedify,Jan 17,2022/11/12
302,MetaGear GEAR,$0 ,$0.02 ,-,"$150,000 ",0.06x,-,IDO,BullPerks,Jan 17,2022/11/12
303,Monster Galaxy GGM,$0 ,$0.02 ,-,"$100,000 ",0.27x,-,IDO,TrustPad,Jan 16,2022/11/12
304,Heres HRS,$0 ,$0 ,-,"$25,000 ",0.02x,-,IDO,WeStarter,Jan 15,2022/11/12
305,Space Misfits SMCW,$0.02 ,$0.16 ,-,"$160,000 ",0.15x,-,IDO,TrustPad,Jan 15,2022/11/12
306,Space Misfits SMCW,$0.02 ,$0.16 ,-,"$400,000 ",0.15x,-,IDO,Seedify,Jan 15,2022/11/12
307,Monster Of God MONX,$0 ,$0 ,-,"$150,000 ",0.08x,-,IDO,BSCStation,Jan 15,2022/11/12
308,Dot Arcade ADT,$0 ,$0.12 ,-,"$100,000 ",0.07x,-,IDO,Koistarter,Jan 15,2022/11/12
309,Dot Arcade ADT,$0 ,$0.12 ,-,"$100,000 ",0.07x,-,IDO,BSCStation,Jan 15,2022/11/12
310,Monster Galaxy GGM,$0 ,$0.02 ,-,"$100,000 ",0.27x,-,IDO,Enjinstarter,Jan 15,2022/11/12
311,Arenum ARN,$0.03 ,$0.37 ,-,"$150,000 ",0.09x,-,IDO,Infinite Launch,Jan 14,2022/11/12
312,Bad Days | Marvelous NFTs MNFT,$0 ,$0.12 ,-,"$150,000 ",0.06x,-,IDO,DuckSTARTER,Jan 14,2022/11/12
313,Bad Days | Marvelous NFTs MNFT,$0 ,$0.12 ,-,"$300,057 ",0.06x,-,IDO,BSCPad,Jan 14,2022/11/12
314,Bad Days | Marvelous NFTs MNFT,$0 ,$0.12 ,-,"$300,000 ",0.06x,-,IDO,GameZone,Jan 14,2022/11/12
315,Realms Of Ethernity RETH,-,$2 ,-,"$155,000 ",-,-,IDO,Infinite Launch,Jan 13,2022/11/12
316,Kingdom Karnage KKT,$0 ,$0.01 ,-,"$100,000 ",0.08x,-,IDO,GameFi,Jan 13,2022/11/12
317,Dot Arcade ADT,$0 ,$0.12 ,-,"$100,000 ",0.07x,-,IDO,GameStation,Jan 13,2022/11/12
318,MetaFighter MF,$0 ,$0.01 ,-,"$65,000 ",0.04x,-,IDO,TruePNL,Jan 13,2022/11/12
319,Kingdom Karnage KKT,$0 ,$0.01 ,-,"$100,000 ",0.08x,-,IDO,Red Kite,Jan 12,2022/11/12
320,Ancient Kingdom DOM,$0 ,$0.01 ,-,"$70,000 ",0.01x,-,IDO,Enjinstarter,Jan 12,2022/11/12
321,Ancient Kingdom DOM,$0 ,$0.01 ,-,"$100,000 ",0.01x,-,IDO,Infinity Pad,Jan 12,2022/11/12
322,Metastrike MTS,$0 ,$0.05 ,"$498,103 ","$142,500 ",0.14x,-,IDO,PAID Network,Jan 12,2022/11/12
323,Starbots BOT,$0 ,$0.10 ,"$264,636 ","$50,000 ",0.1x,-,IDO,LuaStarter,Jan 12,2022/11/12
324,Starbots BOT,$0 ,$0.10 ,"$264,636 ","$475,000 ",0.1x,-,IDO,Impossible Finance,Jan 12,2022/11/12
325,Valhalla | Floki Inu VALH,-,$0.06 ,-,"$53,000 ",-,-,IDO,A2DAO,Jan 12,2022/11/12
326,Kingdom Karnage KKT,$0 ,$0.01 ,-,"$100,000 ",0.08x,-,IDO,Enjinstarter,Jan 11,2022/11/12
327,Metastrike MTS,$0 ,$0.05 ,"$498,103 ","$250,000 ",0.14x,-,IDO,Seedify,Jan 11,2022/11/12
328,Starbots BOT,$0 ,$0.10 ,"$264,636 ","$275,000 ",0.1x,-,IDO,SolRazr,Jan 11,2022/11/12
329,Infinity Skies ISKY,$0 ,$0.22 ,"$69,274 ","$100,000 ",0.02x,-,IDO,DAO Maker,Jan 10,2022/11/12
330,Legends of Mitra MITA,$0 ,$0.06 ,-,"$95,000 ",0.11x,-,IDO,GameFi,Jan 10,2022/11/12
331,The Lost Throne CP,-,$0.10 ,-,"$30,000 ",-,-,IDO,WeStarter,Jan 09,2022/11/12
332,Legends of Mitra MITA,$0 ,$0.06 ,-,"$95,000 ",0.11x,-,IDO,Red Kite,Jan 09,2022/11/12
333,Tap Fantasy TAP,$0 ,$0.04 ,-,"$300,000 ",0.12x,-,IDO,TrustPad,Jan 08,2022/11/12
334,11Minutes ELVN,-,$0.02 ,-,"$150,000 ",-,-,IDO,MoonStarter,Jan 07,2022/11/12
335,11Minutes ELVN,-,$0.02 ,-,"$220,000 ",-,-,IDO,Infinity Pad,Jan 07,2022/11/12
336,Battle of Guardians BGS,$0 ,$0.03 ,-,"$250,000 ",0.02x,-,IDO,SolRazr,Jan 07,2022/11/12
337,Infinity Skies ISKY,$0 ,$0.22 ,"$69,274 ","$50,000 ",0.02x,-,IDO,ChainBoost,Jan 07,2022/11/12
338,Dogeon DON,$0 ,$0.03 ,-,"$200,000 ",0.01x,-,IDO,Krystal GO,Jan 06,2022/11/12
339,Battle of Guardians BGS,$0 ,$0.03 ,-,"$160,000 ",0.02x,-,IDO,GameStation,Jan 06,2022/11/12
340,The Wasted Lands WAL,$0.03 ,$0.30 ,-,"$95,000 ",0.12x,-,IDO,GameFi,Jan 06,2022/11/12
341,Tap Fantasy TAP,$0 ,$0.04 ,-,"$300,000 ",0.12x,-,IDO,Gamestarter,Jan 06,2022/11/12
342,Galaxy Fight Club GCOIN,$0.03 ,$0.50 ,"$1,073,221 ","$2,000,000 ",0.07x,-,IDO,Polkastarter,Jan 06,2022/11/12
343,Dogeon DON,$0 ,$0.03 ,-,"$100,000 ",0.01x,-,IDO,Enjinstarter,Jan 05,2022/11/12
344,Luna Rush LUS,$0 ,$0.06 ,"$53,580 ","$75,000 ",0.04x,-,IDO,LuaStarter,Jan 05,2022/11/12
345,Battle of Guardians BGS,$0 ,$0.03 ,-,"$160,000 ",0.02x,-,IDO,Infinite Launch,Jan 04,2022/11/12
346,Luna Rush LUS,$0 ,$0.06 ,"$53,580 ","$150,000 ",0.04x,-,IDO,LaunchZone,Jan 04,2022/11/12
347,Luna Rush LUS,$0 ,$0.06 ,"$53,580 ","$85,000 ",0.04x,-,IDO,BSCStation,Jan 04,2022/11/12
348,Luna Rush LUS,$0 ,$0.06 ,"$53,580 ","$100,000 ",0.04x,-,IDO,Infinity Pad,Jan 04,2022/11/12
349,Luna Rush LUS,$0 ,$0.06 ,"$53,580 ","$200,000 ",0.04x,-,IDO,BinStarter,Jan 03,2022/11/12
350,Arenum ARN,$0.03 ,$0.37 ,-,"$250,000 ",0.09x,-,IDO,SolRazr,Dec 30,2022/11/12
351,SUPA Foundation SUPA,$0 ,$0.10 ,-,"$290,000 ",0.06x,-,IDO,CyberFi,Dec 29,2022/11/12
352,Rise of Defenders RDR,$0 ,$0.03 ,"$291,524 ","$100,000 ",0.05x,-,IDO,TrustPad,Dec 29,2022/11/12
353,Rise of Defenders RDR,$0 ,$0.03 ,"$291,524 ","$100,000 ",0.05x,-,IDO,MoonStarter,Dec 29,2022/11/12
354,Rise of Defenders RDR,$0 ,$0.03 ,"$291,524 ","$100,000 ",0.05x,-,IDO,BSClaunch,Dec 29,2022/11/12
355,World of Defish WOD,$0 ,$0.02 ,"$5,029 ","$150,008 ",0.01x,-,IDO,BSCPad,Dec 29,2022/11/12
356,World of Defish WOD,$0 ,$0.02 ,"$5,029 ","$150,000 ",0.01x,-,IDO,GameZone,Dec 29,2022/11/12
357,Galaxy War GWT,$0 ,$0.03 ,-,"$200,000 ",0.02x,-,IDO,Solanium,Dec 29,2022/11/12
358,Age Of Gods AOG,$0.01 ,$0.10 ,-,"$80,000 ",0.11x,-,IDO,Synapse Network,Dec 29,2022/11/12
359,Angels Creed ANGEL,$0 ,-,-,"$20,000 ",-,-,Private,Kingdom Game 4.0,Dec 28,2022/11/12
360,Galaxy War GWT,$0 ,$0.03 ,-,"$100,000 ",0.02x,-,IDO,LaunchZone,Dec 28,2022/11/12
361,SUPA Foundation SUPA,$0 ,$0.10 ,-,"$200,000 ",0.06x,-,IDO,MoonStarter,Dec 28,2022/11/12
362,Rise of Defenders RDR,$0 ,$0.03 ,"$291,524 ","$150,000 ",0.05x,-,IDO,Gamestarter,Dec 28,2022/11/12
363,Tales Of Chain TALE,$0 ,$0 ,-,"$100,000 ",0.01x,-,IDO,MoonStarter,Dec 28,2022/11/12
364,Light Year LC,$0.02 ,$0.15 ,-,"$100,000 ",0.17x,-,IDO,Kommunitas,Dec 28,2022/11/12
365,Light Year LC,$0.02 ,$0.15 ,-,"$80,000 ",0.17x,-,IDO,Koistarter,Dec 28,2022/11/12
366,World of Defish WOD,$0 ,$0.02 ,"$5,029 ","$150,000 ",0.01x,-,IDO,Poolz,Dec 28,2022/11/12
367,World of Defish WOD,$0 ,$0.02 ,"$5,029 ","$270,000 ",0.01x,-,IDO,Seedify,Dec 28,2022/11/12
368,Galaxy War GWT,$0 ,$0.03 ,-,"$150,000 ",0.02x,-,IDO,TrustPad,Dec 28,2022/11/12
369,Age Of Gods AOG,$0.01 ,$0.12 ,-,"$100,000 ",0.09x,-,IDO,TruePNL,Dec 28,2022/11/12
370,The Parallel PRL,$0 ,$0.04 ,"$315,429 ","$100,000 ",0.25x,-,IDO,Krystal GO,Dec 28,2022/11/12
371,Decimated DIO,$0.01 ,$0.05 ,"$1,800,917 ","$500,000 ",0.2x,-,IDO,FireStarter,Dec 28,2022/11/12
372,Astro Verse ASV,$0 ,$0 ,-,"$220,000 ",0.03x,-,IDO,BSCStation,Dec 28,2022/11/12
373,Age Of Gods AOG,$0.01 ,$0.12 ,-,"$50,000 ",0.09x,-,IDO,Polkabridge,Dec 27,2022/11/12
374,Age Of Gods AOG,$0.01 ,$0.12 ,-,"$75,000 ",0.09x,-,IDO,Kommunitas,Dec 27,2022/11/12
375,The Parallel PRL,$0 ,$0.04 ,"$315,429 ","$220,000 ",0.25x,-,IDO,Seedify,Dec 27,2022/11/12
376,Angels Creed ANGEL,$0 ,$0.01 ,-,"$200,000 ",-,-,IDO,BinStarter,Dec 26,2022/11/12
377,Universe Island UIM,$0 ,$0 ,-,"$100,000 ",0.05x,-,IDO,MoonStarter,Dec 24,2022/11/12
378,Battle Saga BTL,$0 ,$0.12 ,"$31,250 ","$114,000 ",0.01x,-,IDO,DuckSTARTER,Dec 24,2022/11/12
379,Stay In Destiny World SIW,$0 ,$0.06 ,-,"$70,000 ",0.05x,-,IDO,GameStation,Dec 24,2022/11/12
380,Piratera PIRA,$0 ,-,-,"$20,000 ",-,-,Private,Kingdom Game 4.0,Dec 23,2022/11/12
381,Manarium ARI,$0 ,$0.04 ,-,"$150,000 ",-,-,IDO,Kommunitas,Dec 23,2022/11/12
382,Tales Of Chain TALE,$0 ,$0 ,-,"$65,000 ",0.01x,-,IDO,TruePNL,Dec 23,2022/11/12
383,Universe Island UIM,$0 ,$0 ,-,"$300,000 ",0.05x,-,IDO,Seedify,Dec 23,2022/11/12
384,Universe Island UIM,$0 ,$0 ,-,"$20,000 ",0.05x,-,IDO,Roseon Finance,Dec 23,2022/11/12
385,Billionaire Plus BPLUS,$0 ,$0 ,-,"$150,000 ",0.08x,-,IDO,MoonStarter,Dec 23,2022/11/12
386,Battle Saga BTL,$0 ,$0.12 ,"$31,250 ","$130,000 ",0.01x,-,IDO,Synapse Network,Dec 23,2022/11/12
387,Battle Saga BTL,$0 ,$0.12 ,"$31,250 ","$56,250 ",0.01x,-,IDO,Roseon Finance,Dec 23,2022/11/12
388,Angels Creed ANGEL,$0 ,$0.01 ,-,"$200,000 ",-,-,IDO,BSCStation,Dec 23,2022/11/12
389,Katana Inu KATA,$0 ,$0 ,"$787,170 ","$600,000 ",0.17x,-,IDO,GameZone,Dec 23,2022/11/12
390,Katana Inu KATA,$0 ,$0 ,"$787,170 ","$500,000 ",0.17x,-,IDO,BSCPad,Dec 23,2022/11/12
391,DeFi Horse DFH,-,$0.06 ,-,"$150,000 ",-,-,IDO,Poolz,Dec 23,2022/11/12
392,Tiny Colony TINY,-,$0.36 ,-,"$400,000 ",-,-,IDO,StarLaunch,Dec 22,2022/11/12
393,Piratera PIRA,$0 ,$0.01 ,-,"$150,000 ",0.04x,-,IDO,BSCStation,Dec 22,2022/11/12
394,Tales Of Chain TALE,$0 ,$0 ,-,"$120,000 ",0.01x,-,IDO,CyberFi,Dec 22,2022/11/12
395,Billionaire Plus BPLUS,$0 ,$0 ,-,"$150,000 ",0.08x,-,IDO,Enjinstarter,Dec 22,2022/11/12
396,Billionaire Plus BPLUS,$0 ,$0 ,-,"$150,000 ",0.08x,-,IDO,Roseon Finance,Dec 22,2022/11/12
397,Tales Of Chain TALE,$0 ,$0 ,-,"$80,750 ",0.01x,-,IDO,DuckSTARTER,Dec 22,2022/11/12
398,Bit Hotel BTH,$0 ,$0.01 ,-,"$250,000 ",0.23x,-,IDO,Seedify,Dec 22,2022/11/12
399,Bit Hotel BTH,$0 ,$0.01 ,-,"$250,053 ",0.23x,-,IDO,TrustPad,Dec 22,2022/11/12
400,Fishing Town FHTN,$0 ,$0.05 ,-,"$50,000 ",0.11x,-,IDO,DAOLaunch,Dec 22,2022/11/12
401,Battle Saga BTL,$0 ,$0.12 ,"$31,250 ","$100,000 ",0.01x,-,IDO,Polkabridge,Dec 22,2022/11/12
402,Space Crypto SPG,$0 ,$0.02 ,-,"$125,000 ",0.04x,-,IDO,Red Kite,Dec 22,2022/11/12
403,Vmates MATE,$0.01 ,$2 ,-,"$10,000 ",0.01x,-,IDO,WeStarter,Dec 21,2022/11/12
404,Cowboy Snake COWS,$0 ,$0.03 ,-,"$80,000 ",0.04x,-,IDO,BSCStation,Dec 21,2022/11/12
405,Spark Era FIRE,-,$0 ,-,"$150,000 ",-,-,IDO,Enjinstarter,Dec 21,2022/11/12
406,Diviner Protocol DPT,$0 ,$0.02 ,-,"$600,000 ",0.01x,-,IDO,PancakeSwap,Dec 21,2022/11/12
407,Graviton Zero GRAV,$0 ,$0.10 ,"$38,151 ","$50,000 ",-,-,IDO,Polkabridge,Dec 21,2022/11/12
408,Graviton Zero GRAV,$0 ,$0.10 ,"$38,151 ","$50,000 ",-,-,IDO,Roseon Finance,Dec 21,2022/11/12
409,Ftribe Fighters F2C,$0 ,$0.02 ,"$463,259 ","$150,000 ",0.08x,-,IDO,GameFi,Dec 21,2022/11/12
410,Ftribe Fighters F2C,$0 ,$0.02 ,"$463,259 ","$100,000 ",0.08x,-,IDO,DAO Maker,Dec 21,2022/11/12
411,Mouse Haunt MHT,$0.04 ,$0.20 ,-,"$99,500 ",0.23x,-,IDO,GameStation,Dec 21,2022/11/12
412,Ertha ERTHA,$0 ,$0.01 ,-,"$250,000 ",0.19x,-,IDO,Red Kite,Dec 21,2022/11/12
413,Imperium Empires IME,$0 ,$0 ,"$213,292 ","$1,000,000 ",0.04x,-,IDO,Avalaunch,Dec 21,2022/11/12
414,Stay In Destiny World SIW,$0 ,$0.06 ,-,"$125,000 ",0.05x,-,IDO,Enjinstarter,Dec 21,2022/11/12
415,Don'tPlaywithKitty DPK,-,$0.40 ,-,"$80,000 ",-,-,IDO,Roseon Finance,Dec 21,2022/11/12
416,Oren Game OREN,$0 ,$0.06 ,-,"$480,000 ",-,-,IDO,Lightning,Dec 20,2022/11/12
417,GamesPad GMPD,$0.01 ,$0.05 ,-,"$170,000 ",0.25x,-,IDO,BullPerks,Dec 20,2022/11/12
418,The Wasted Lands WAL,$0.03 ,$0.30 ,-,"$200,000 ",0.12x,-,IDO,Infinite Launch,Dec 20,2022/11/12
419,Mouse Haunt MHT,$0.04 ,$0.20 ,-,"$300,000 ",0.23x,-,IDO,Seedify,Dec 20,2022/11/12
420,Ertha ERTHA,$0 ,$0.01 ,-,"$250,000 ",0.19x,-,IDO,GameFi,Dec 20,2022/11/12
421,Galaxy Fight Club GCOIN,$0.03 ,$0.50 ,"$1,073,221 ","$240,000 ",0.07x,-,IDO,ChainBoost,Dec 20,2022/11/12
422,Ertha ERTHA,$0 ,$0.01 ,-,"$300,000 ",0.19x,-,IDO,Seedify,Dec 19,2022/11/12
423,Magic Craft MCRT,$0 ,$0 ,"$11,544,208 ","$150,000 ",1.02x,-,IDO,FantomStarter,Dec 19,2022/11/12
424,Space Crypto SPG,$0 ,$0.02 ,-,"$125,000 ",0.04x,-,IDO,GameFi,Dec 19,2022/11/12
425,MetaRacers MRS,$0 ,-,-,"$20,000 ",-,-,Private,Kingdom Game 4.0,Dec 18,2022/11/12
426,TribeLand TRBL,$0 ,$0.01 ,-,"$200,000 ",-,-,IDO,BSClaunch,Dec 18,2022/11/12
427,Graviton Zero GRAV,$0 ,$0.10 ,"$38,151 ","$105,000 ",-,-,IDO,TruePNL,Dec 18,2022/11/12
428,Ftribe Fighters F2C,$0 ,$0.02 ,"$463,259 ","$125,000 ",0.08x,-,IDO,Red Kite,Dec 18,2022/11/12
429,Stay In Destiny World SIW,$0 ,$0.06 ,-,"$75,000 ",0.05x,-,IDO,Krystal GO,Dec 18,2022/11/12
430,ECIO Space ECIO,$0 ,$0 ,-,"$250,000 ",0.03x,-,IDO,Seedify,Dec 18,2022/11/12
431,ECIO Space ECIO,$0 ,$0 ,-,"$100,000 ",0.03x,-,IDO,Enjinstarter,Dec 18,2022/11/12
432,ECIO Space ECIO,$0 ,$0 ,-,"$175,000 ",0.03x,-,IDO,Poolz,Dec 18,2022/11/12
433,99Starz STZ,$0.05 ,$0.60 ,-,"$428,571 ",0.1x,-,IDO,MISO,Dec 18,2022/11/12
434,Wizarre SCRL,$0 ,$0 ,"$265,312 ","$125,000 ",0.09x,-,IDO,CyberFi,Dec 17,2022/11/12
435,Crypto Fight Club FIGHT,$0 ,$0.02 ,"$163,152 ","$250,000 ",0.09x,-,IDO,Polkastarter,Dec 17,2022/11/12
436,Crypto Fight Club FIGHT,$0 ,$0.02 ,"$163,152 ","$350,000 ",0.09x,-,IDO,Gamestarter,Dec 17,2022/11/12
437,MetaRacers MRS,$0 ,$0.04 ,-,"$146,000 ",0.01x,-,IDO,BSCStation,Dec 16,2022/11/12
438,Wizarre SCRL,$0 ,$0 ,"$265,312 ","$100,000 ",0.09x,-,IDO,Enjinstarter,Dec 16,2022/11/12
439,Wizarre SCRL,$0 ,$0 ,"$265,312 ","$122,500 ",0.09x,-,IDO,GameStation,Dec 16,2022/11/12
440,Wam WAM,$0 ,$0.02 ,"$1,281,868 ","$285,000 ",0.34x,-,IDO,DAO Maker,Dec 16,2022/11/12
441,Rainmaker Games RAIN,$0.04 ,$0.25 ,-,"$250,000 ",0.18x,-,IDO,PAID Network,Dec 16,2022/11/12
442,Rainmaker Games RAIN,$0.04 ,$0.25 ,-,"$500,000 ",0.18x,-,IDO,Polkastarter,Dec 16,2022/11/12
443,Rainmaker Games RAIN,$0.04 ,$0.25 ,-,"$175,000 ",0.18x,-,IDO,GameFi,Dec 16,2022/11/12
444,Rainmaker Games RAIN,$0.04 ,$0.25 ,-,"$200,000 ",0.18x,-,IDO,BullPerks,Dec 16,2022/11/12
445,Rainmaker Games RAIN,$0.04 ,$0.25 ,-,"$90,000 ",0.18x,-,IDO,LaunchZone,Dec 16,2022/11/12
446,Stay In Destiny World SIW,$0 ,$0.06 ,-,"$130,000 ",0.05x,-,IDO,Poolz,Dec 16,2022/11/12
447,VOID VOID,$0 ,$0.09 ,-,"$125,000 ",0.01x,-,IDO,BullPerks,Dec 15,2022/11/12
448,Gamesta GSG,$0 ,$0.08 ,-,"$150,000 ",0.01x,-,IDO,Enjinstarter,Dec 15,2022/11/12
449,Geopoly GEO,$0.02 ,$0.02 ,-,"$100,000 ",1.08x,-,IDO,Poolz,Dec 15,2022/11/12
450,Roboots RBO,-,$0 ,-,"$100,000 ",-,-,IDO,Synapse Network,Dec 15,2022/11/12
451,Gadget War GWAR,$0 ,$0.01 ,-,"$65,000 ",0.03x,-,IDO,MoonStarter,Dec 15,2022/11/12
452,H3RO3S H3RO3S,$0 ,$0.01 ,-,"$174,000 ",0.15x,-,IDO,FireStarter,Dec 15,2022/11/12
453,Zombie World Z ZWZ,$0 ,$0.01 ,-,"$165,000 ",0.03x,-,IDO,BSCStation,Dec 15,2022/11/12
454,Ftribe Fighters F2C,$0 ,$0.01 ,"$463,259 ","$20,000 ",0.09x,-,IDO,Koistarter,Dec 15,2022/11/12
455,Domi Online DOMI,$0.01 ,$0.02 ,-,"$280,000 ",0.45x,-,IDO,Polkastarter,Dec 15,2022/11/12
456,MetaGods MGOD,$0.01 ,$0.04 ,"$217,737 ","$100,000 ",0.34x,-,IDO,DAO Maker,Dec 15,2022/11/12
457,Rainmaker Games RAIN,$0.04 ,$0.25 ,-,"$75,000 ",0.18x,-,IDO,ChainBoost,Dec 15,2022/11/12
458,Phantasia Sports FANT,$0 ,$0.07 ,"$89,137 ","$300,000 ",0.02x,-,IDO,Solanium,Dec 15,2022/11/12
459,SIDUS SIDUS,$0 ,$0.18 ,"$5,192,886 ","$200,000 ",0.01x,-,IDO,PAID Network,Dec 15,2022/11/12
460,SIDUS SIDUS,$0 ,$0.18 ,"$5,192,886 ","$166,249 ",0.01x,-,IDO,Seedify,Dec 15,2022/11/12
461,SIDUS SIDUS,$0 ,$0.18 ,"$5,192,886 ","$174,982 ",0.01x,-,IDO,Red Kite,Dec 15,2022/11/12
462,SIDUS SIDUS,$0 ,$0.18 ,"$5,192,886 ","$175,000 ",0.01x,-,IDO,GameFi,Dec 15,2022/11/12
463,SIDUS SIDUS,$0 ,$0 ,"$5,192,886 ","$87,500 ",0.92x,-,IDO,TrustPad,Dec 15,2022/11/12
464,TribeLand TRBL,$0 ,$0.01 ,-,"$200,000 ",-,-,IDO,Synapse Network,Dec 14,2022/11/12
465,VOID VOID,$0 ,$0.09 ,-,"$100,000 ",0.01x,-,IDO,MoonStarter,Dec 14,2022/11/12
466,Geopoly GEO,$0.02 ,$0.02 ,-,"$150,000 ",1.08x,-,IDO,Enjinstarter,Dec 14,2022/11/12
467,Spark Era FIRE,-,$0 ,-,"$250,000 ",-,-,IDO,Seedify,Dec 14,2022/11/12
468,CryptoVsZombie CVZ,$0 ,$0.01 ,-,"$100,000 ",0.05x,-,IDO,GameStation,Dec 14,2022/11/12
469,Gadget War GWAR,$0 ,$0.01 ,-,"$50,000 ",0.03x,-,IDO,Roseon Finance,Dec 14,2022/11/12
470,Wizarre SCRL,$0 ,$0 ,"$265,312 ","$118,750 ",0.09x,-,IDO,DuckSTARTER,Dec 14,2022/11/12
471,Domi Online DOMI,$0.01 ,$0.02 ,-,"$200,000 ",0.45x,-,IDO,ChainBoost,Dec 14,2022/11/12
472,MetaGods MGOD,$0.01 ,$0.04 ,"$217,737 ","$100,000 ",0.34x,-,IDO,GameFi,Dec 14,2022/11/12
473,Fancy Birds FNC,$0.01 ,$0.05 ,"$468,595 ","$325,000 ",0.23x,-,IDO,Impossible Finance,Dec 14,2022/11/12
474,VOID VOID,$0 ,$0.09 ,-,"$100,000 ",0.01x,-,IDO,Enjinstarter,Dec 13,2022/11/12
475,Geopoly GEO,$0.02 ,$0.02 ,-,"$300,000 ",1.08x,-,IDO,Seedify,Dec 13,2022/11/12
476,Nitro League NITRO,$0.01 ,$0.06 ,"$842,908 ","$750,000 ",0.32x,-,IDO,Polkastarter,Dec 13,2022/11/12
477,Stay In Destiny World SIW,$0 ,$0.06 ,-,"$75,000 ",0.05x,-,IDO,MoonStarter,Dec 13,2022/11/12
478,VOID VOID,$0 ,$0.09 ,-,"$156,750 ",0.01x,-,IDO,DuckSTARTER,Dec 12,2022/11/12
479,Fishing Town FHTN,$0 ,$0.05 ,-,"$250,000 ",0.11x,-,IDO,TrustPad,Dec 12,2022/11/12
480,MetaBrands MAGE,$0.01 ,$0.10 ,"$258,472 ","$100,000 ",0.18x,-,IDO,TrustPad,Dec 11,2022/11/12
481,DeFly Ball DEFLY,-,$0.10 ,-,"$95,000 ",-,-,IDO,DuckSTARTER,Dec 11,2022/11/12
482,DeFly Ball DEFLY,-,$0.10 ,-,"$50,000 ",-,-,IDO,Kommunitas,Dec 11,2022/11/12
483,ManuFactory MNFT,$0 ,$0.03 ,-,"$249,975 ",0.14x,-,IDO,Gamestarter,Dec 11,2022/11/12
484,99Starz STZ,$0.05 ,$0.60 ,-,"$50,000 ",0.1x,-,IDO,Starter,Dec 10,2022/11/12
485,CryptoTanks TANK,$0 ,$0.07 ,-,"$100,000 ",0.1x,-,IDO,BSCStation,Dec 10,2022/11/12
486,Happy Land HPL,$0 ,$0.07 ,-,"$300,000 ",0.03x,-,IDO,Polkastarter,Dec 10,2022/11/12
487,Gadget War GWAR,$0 ,$0.01 ,-,"$50,000 ",0.03x,-,IDO,Synapse Network,Dec 10,2022/11/12
488,Astra Guild Ventures AGV,$0 ,$0.20 ,-,"$421,876 ",-,-,IDO,Krystal GO,Dec 10,2022/11/12
489,ManuFactory MNFT,$0 ,$0.03 ,-,"$225,002 ",0.14x,-,IDO,TrustPad,Dec 10,2022/11/12
490,Cornucopias COPI,$0.02 ,$0 ,"$13,918,906 ","$175,000 ",5.62x,-,IDO,Vent Finance,Dec 10,2022/11/12
491,Monster Battle MBS,$0 ,$0 ,-,"$100,000 ",0.02x,-,IDO,Gamestarter,Dec 09,2022/11/12
492,Last Survivor LSC,$0 ,$0.01 ,-,"$110,000 ",0.02x,-,IDO,BinStarter,Dec 09,2022/11/12
493,CryptoVsZombie CVZ,$0 ,$0.01 ,-,"$100,000 ",0.05x,-,IDO,Infinity Pad,Dec 09,2022/11/12
494,CryptoVsZombie CVZ,$0 ,$0.01 ,-,"$100,000 ",0.05x,-,IDO,Poolz,Dec 09,2022/11/12
495,CryptoVsZombie CVZ,$0 ,$0.01 ,-,"$112,000 ",0.05x,-,IDO,BinStarter,Dec 09,2022/11/12
496,CryptoVsZombie CVZ,$0 ,$0.01 ,-,"$100,000 ",0.05x,-,IDO,BSCStation,Dec 09,2022/11/12
497,Gadget War GWAR,$0 ,$0.01 ,-,"$47,500 ",0.03x,-,IDO,DuckSTARTER,Dec 09,2022/11/12
498,RaceFi RACEFI,$0 ,$0.12 ,-,"$345,000 ",0.08x,-,IDO,SolRazr,Dec 09,2022/11/12
499,RaceFi RACEFI,$0 ,$0.12 ,-,"$155,000 ",0.08x,-,IDO,Enjinstarter,Dec 09,2022/11/12
500,Cornucopias COPI,$0.02 ,$0 ,"$13,918,906 ","$300,000 ",5.62x,-,IDO,PAID Network,Dec 09,2022/11/12
501,Cornucopias COPI,$0.02 ,$0 ,"$13,918,906 ","$124,984 ",5.62x,-,IDO,OccamRazer,Dec 09,2022/11/12
502,MetaBrands MAGE,$0.01 ,$0.10 ,"$258,472 ","$95,000 ",0.18x,-,IDO,DuckSTARTER,Dec 08,2022/11/12
503,Atlantis Metaverse TAU,$0 ,$0.12 ,-,"$125,000 ",0.02x,-,IDO,BSCPad,Dec 08,2022/11/12
504,Atlantis Metaverse TAU,$0 ,$0.12 ,-,"$125,000 ",0.02x,-,IDO,GameZone,Dec 08,2022/11/12
505,Last Survivor LSC,$0 ,$0.01 ,-,"$250,000 ",0.02x,-,IDO,Seedify,Dec 08,2022/11/12
506,Last Survivor LSC,$0 ,$0.01 ,-,"$100,000 ",0.02x,-,IDO,Enjinstarter,Dec 08,2022/11/12
507,Quiz Arena QZA,-,$0.01 ,-,"$180,000 ",-,-,IDO,BSCStation,Dec 08,2022/11/12
508,Quiz Arena QZA,-,$0.01 ,-,"$150,000 ",-,-,IDO,Poolz,Dec 08,2022/11/12
509,Bit Hotel BTH,$0 ,$0.01 ,-,"$200,000 ",0.32x,-,IDO,Enjinstarter,Dec 07,2022/11/12
510,Bit Hotel BTH,$0 ,$0.01 ,-,"$100,000 ",0.32x,-,IDO,Gamestarter,Dec 07,2022/11/12
511,Atlantis Metaverse TAU,$0 ,$0.12 ,-,"$105,000 ",0.02x,-,IDO,Enjinstarter,Dec 07,2022/11/12
512,Meland.ai MELD,$0 ,$0 ,-,"$100,000 ",0.03x,-,IDO,Poolz,Dec 07,2022/11/12
513,CryptoTanks TANK,$0 ,$0.07 ,-,"$110,000 ",0.1x,-,IDO,Infinity Pad,Dec 07,2022/11/12
514,Kitsumon $KMC,$0 ,$0 ,"$1,346,739 ","$150,000 ",0.24x,-,IDO,GameStation,Dec 07,2022/11/12
515,MetaSoccer MSU,$0.03 ,$0.03 ,"$4,237,846 ","$300,000 ",1.31x,-,IDO,DAO Maker,Dec 07,2022/11/12
516,Quiz Arena QZA,-,$0.01 ,-,"$150,000 ",-,-,IDO,CyberFi,Dec 07,2022/11/12
517,Universe Island UIM,$0 ,$0 ,-,"$125,000 ",0.05x,-,IDO,TruePNL,Dec 07,2022/11/12
518,Meland.ai MELD,$0 ,$0 ,-,"$200,000 ",0.03x,-,IDO,BinStarter,Dec 06,2022/11/12
519,Meland.ai MELD,$0 ,$0 ,-,"$50,000 ",0.03x,-,IDO,BSCStation,Dec 06,2022/11/12
520,Meland.ai MELD,$0 ,$0 ,-,"$50,000 ",0.03x,-,IDO,GenPad,Dec 06,2022/11/12
521,SOUNI  SON,$0 ,$0 ,-,"$290,000 ",-,-,IDO,Gamestarter,Dec 05,2022/11/12
522,Spark Era FIRE,-,$0 ,-,"$100,000 ",-,-,IDO,Synapse Network,Dec 04,2022/11/12
523,12 Legions CTL,$0 ,$0.02 ,-,"$110,000 ",0.02x,-,IDO,Starter,Dec 04,2022/11/12
524,Kitsumon $KMC,$0 ,$0 ,"$1,346,739 ","$400,000 ",0.36x,-,IDO,TrustSwap,Dec 04,2022/11/12
525,SolChicks CHICKS,$0 ,$0.05 ,"$1,697,960 ","$100,000 ",0.02x,-,IDO,Enjinstarter,Dec 04,2022/11/12
526,MonkeyLeague MBS,$0.08 ,$0.04 ,"$7,412,560 ","$400,000 ",2.11x,-,IDO,StarLaunch,Dec 04,2022/11/12
527,12 Legions CTL,$0 ,$0.02 ,-,"$120,000 ",0.02x,-,IDO,Gamestarter,Dec 03,2022/11/12
528,Street Runner SRG,$0.06 ,$0.08 ,-,"$230,000 ",0.79x,-,IDO,DAO Maker,Dec 03,2022/11/12
529,Zomfi ZOMFI,$0 ,$0.05 ,-,"$150,000 ",0.04x,-,IDO,GameStation,Dec 03,2022/11/12
530,Attack Wagon ATK,$0 ,$0.02 ,-,"$250,000 ",0.07x,-,IDO,Seedify,Dec 03,2022/11/12
531,Attack Wagon ATK,$0 ,$0.02 ,-,"$125,000 ",0.07x,-,IDO,Enjinstarter,Dec 03,2022/11/12
532,SolChicks CHICKS,$0 ,$0.05 ,"$1,697,960 ","$300,000 ",0.02x,-,IDO,PAID Network,Dec 03,2022/11/12
533,SolChicks CHICKS,$0 ,$0.05 ,"$1,697,960 ","$200,000 ",0.02x,-,IDO,Roseon Finance,Dec 03,2022/11/12
534,DeFly Ball DEFLY,-,$0.12 ,-,"$75,000 ",-,-,IDO,TruePNL,Dec 03,2022/11/12
535,Cato CATO,-,$0.05 ,-,"$135,000 ",-,-,IDO,LaunchZone,Dec 02,2022/11/12
536,Cato CATO,-,$0.05 ,-,"$150,000 ",-,-,IDO,BSCStation,Dec 02,2022/11/12
537,SOUNI  SON,$0 ,$0 ,-,"$40,000 ",-,-,IDO,BSClaunch,Dec 02,2022/11/12
538,Operon Origins ORO,$0 ,$0.10 ,"$25,502 ","$200,000 ",0.03x,-,IDO,GameZone,Dec 02,2022/11/12
539,Operon Origins ORO,$0 ,$0.10 ,"$25,502 ","$200,000 ",0.03x,-,IDO,BSCPad,Dec 02,2022/11/12
540,Zomfi ZOMFI,$0 ,$0.05 ,-,"$100,000 ",0.04x,-,IDO,Enjinstarter,Dec 02,2022/11/12
541,Zomfi ZOMFI,$0 ,$0.05 ,-,"$100,000 ",0.04x,-,IDO,Roseon Finance,Dec 02,2022/11/12
542,Kryxivia KXA,$0 ,$0.01 ,-,"$150,000 ",0.63x,-,IDO,BullPerks,Dec 02,2022/11/12
543,Zodium ZODI,$0 ,$0.08 ,"$154,992 ","$200,000 ",0.01x,-,IDO,Polkastarter,Dec 02,2022/11/12
544,DopeWarz DRUG,$0 ,$0.03 ,"$173,290 ","$125,000 ",0.08x,-,IDO,Red Kite,Dec 01,2022/11/12
545,DopeWarz DRUG,$0 ,$0.03 ,"$173,290 ","$200,000 ",0.08x,-,IDO,GameStation,Dec 01,2022/11/12
546,DopeWarz DRUG,$0 ,$0.03 ,"$173,290 ","$75,000 ",0.08x,-,IDO,Roseon Finance,Dec 01,2022/11/12
547,KingSpeed KSC,$0 ,$0.05 ,"$133,887 ","$100,000 ",0.07x,-,IDO,GameStation,Dec 01,2022/11/12
548,Gadget War GWAR,$0 ,$0.01 ,-,"$100,000 ",0.03x,-,IDO,TruePNL,Dec 01,2022/11/12
549,Moo Monster MOO,$0.01 ,$0.06 ,"$282,097 ","$150,000 ",0.17x,-,IDO,Gamestarter,Dec 01,2022/11/12
550,Spintop SPIN,$0.01 ,$0.01 ,-,"$300,000 ",1.25x,-,IDO,Seedify,Dec 01,2022/11/12
551,SolChicks CHICKS,$0 ,$0.05 ,"$1,697,960 ","$400,000 ",0.02x,-,IDO,Synapse Network,Dec 01,2022/11/12
552,Street Runner SRG,$0.06 ,$0.08 ,-,"$235,000 ",0.79x,-,IDO,Vent Finance,Nov 30,2022/11/12
553,DoragonLand DOR,$0 ,$0.02 ,-,"$180,000 ",0.02x,-,IDO,Koistarter,Nov 30,2022/11/12
554,Prometheus MGA,$0.02 ,$0.70 ,-,"$110,000 ",0.04x,-,IDO,GameFi,Nov 30,2022/11/12
555,Prometheus MGA,$0.02 ,$0.70 ,-,"$130,000 ",0.04x,-,IDO,Red Kite,Nov 30,2022/11/12
556,Moo Monster MOO,$0.01 ,$0.06 ,"$282,097 ","$80,000 ",0.17x,-,IDO,TrustPad,Nov 30,2022/11/12
557,Moo Monster MOO,$0.01 ,$0.06 ,"$282,097 ","$70,000 ",0.17x,-,IDO,BinStarter,Nov 30,2022/11/12
558,WidiLand WIDI,$0 ,$0.04 ,"$29,655 ","$180,000 ",0.04x,-,IDO,BSCStation,Nov 30,2022/11/12
559,WidiLand WIDI,$0 ,$0.04 ,"$29,655 ","$70,000 ",0.04x,-,IDO,Polkabridge,Nov 30,2022/11/12
560,Kryxivia KXA,$0 ,$0.01 ,-,"$150,000 ",0.63x,-,IDO,Starter,Nov 30,2022/11/12
561,Kryxivia KXA,$0 ,$0.01 ,-,"$150,000 ",0.63x,-,IDO,Enjinstarter,Nov 30,2022/11/12
562,Kryxivia KXA,$0 ,$0.01 ,-,"$150,000 ",0.63x,-,IDO,Poolz,Nov 30,2022/11/12
563,SolChicks CHICKS,$0 ,$0.05 ,"$1,697,960 ","$100,000 ",0.02x,-,IDO,Infinity Pad,Nov 30,2022/11/12
564,WidiLand WIDI,$0 ,$0.04 ,"$29,655 ","$150,000 ",0.04x,-,IDO,LuaStarter,Nov 30,2022/11/12
565,KingSpeed KSC,$0 ,$0.05 ,"$133,887 ","$100,000 ",0.07x,-,IDO,Krystal GO,Nov 29,2022/11/12
566,CheersLand CHEERS,$0 ,$0.12 ,-,"$150,000 ",0.02x,-,IDO,BinStarter,Nov 29,2022/11/12
567,CheersLand CHEERS,$0 ,$0.12 ,-,"$150,000 ",0.02x,-,IDO,BSCStation,Nov 29,2022/11/12
568,Age Of Tanks A.O.T,$0 ,$0.10 ,-,"$300,000 ",0.01x,-,IDO,Seedify,Nov 29,2022/11/12
569,Prometheus MGA,$0.02 ,$0.70 ,-,"$250,000 ",0.04x,-,IDO,DAO Maker,Nov 29,2022/11/12
570,Polygonum Online POG,$0 ,$0.08 ,"$335,549 ","$100,000 ",0.11x,-,IDO,GameFi,Nov 29,2022/11/12
571,SolChicks CHICKS,$0 ,$0.05 ,"$1,697,960 ","$170,000 ",0.02x,-,IDO,LaunchZone,Nov 29,2022/11/12
572,Polygonum Online POG,$0 ,$0.08 ,"$335,549 ","$100,000 ",0.11x,-,IDO,Red Kite,Nov 28,2022/11/12
573,Heroes TD HTD,$0 ,$0.06 ,-,"$110,000 ",0.08x,-,IDO,BSCStation,Nov 28,2022/11/12
574,Heroes TD HTD,$0 ,$0.06 ,-,"$90,000 ",0.08x,-,IDO,LaunchZone,Nov 28,2022/11/12
575,SolChicks CHICKS,$0 ,$0.05 ,"$1,697,960 ","$150,000 ",0.02x,-,IDO,BSClaunch,Nov 28,2022/11/12
576,OneRare ORARE,$0.02 ,$0.20 ,-,"$100,000 ",0.15x,-,IDO,TrustPad,Nov 27,2022/11/12
577,Age Of Tanks A.O.T,$0 ,$0.10 ,-,"$100,000 ",0.01x,-,IDO,Enjinstarter,Nov 27,2022/11/12
578,SolChicks CHICKS,$0 ,$0.05 ,"$1,697,960 ","$70,000 ",0.02x,-,IDO,Kommunitas,Nov 27,2022/11/12
579,SolChicks CHICKS,$0 ,$0.05 ,"$1,697,960 ","$250,000 ",0.02x,-,IDO,TrustPad,Nov 26,2022/11/12
580,SolChicks CHICKS,$0 ,$0.05 ,"$1,697,960 ","$200,000 ",0.02x,-,IDO,BullPerks,Nov 26,2022/11/12
581,JokerWar JOK,-,$0.02 ,-,"$16,800 ",-,-,IDO,,Nov 25,2022/11/12
582,OneRare ORARE,$0.02 ,$0.20 ,-,"$100,000 ",0.15x,-,IDO,Enjinstarter,Nov 25,2022/11/12
583,Wizarre SCRL,$0 ,$0 ,"$265,312 ","$100,000 ",0.08x,-,IDO,TruePNL,Nov 25,2022/11/12
584,Gunstar Metaverse GSTS,$0.01 ,$0.03 ,"$1,081,016 ","$140,000 ",0.5x,-,IDO,Red Kite,Nov 25,2022/11/12
585,Bemil BEM,$0 ,$0.01 ,-,"$100,000 ",-,-,IDO,GameFi,Nov 25,2022/11/12
586,SolChicks CHICKS,$0 ,$0.05 ,"$1,697,960 ","$450,000 ",0.02x,-,IDO,Lightning,Nov 25,2022/11/12
587,Wam WAM,$0 ,$0.02 ,"$1,281,868 ","$100,000 ",0.26x,-,IDO,TruePNL,Nov 25,2022/11/12
588,OneRare ORARE,$0.02 ,$0.20 ,-,"$50,000 ",0.15x,-,IDO,GenPad,Nov 24,2022/11/12
589,Moonscape MSCP,$0 ,$0 ,"$397,881 ","$50,000 ",3.53x,-,IDO,Lighthouse,Nov 24,2022/11/12
590,TryHards TRY,$0 ,$0.09 ,"$427,755 ","$300,000 ",0.04x,-,IDO,Seedify,Nov 24,2022/11/12
591,Gunstar Metaverse GSTS,$0.01 ,$0.03 ,"$1,081,016 ","$124,600 ",0.5x,-,IDO,GameFi,Nov 24,2022/11/12
592,SolChicks CHICKS,$0 ,$0.05 ,"$1,697,960 ","$200,000 ",0.02x,-,IDO,TruePNL,Nov 24,2022/11/12
593,Defi Land DFL,$0 ,$0 ,"$3,293,220 ","$350,000 ",0.22x,-,IDO,AcceleRaytor,Nov 24,2022/11/12
594,Real Realm REAL,$0 ,$0.01 ,-,"$150,000 ",0.01x,-,IDO,BSCStation,Nov 23,2022/11/12
595,The Killbox KBOX,$0 ,$0 ,-,"$146,400 ",0.02x,-,IDO,Red Kite,Nov 23,2022/11/12
596,TaleCraft CRAFT,$0.02 ,$0.28 ,"$164,991 ","$900,000 ",0.09x,-,IDO,Avalaunch,Nov 23,2022/11/12
597,SolChicks CHICKS,$0 ,$0.05 ,"$1,697,960 ","$140,000 ",0.02x,-,IDO,A2DAO,Nov 23,2022/11/12
598,Starchi ELIXIR,$0 ,$0.03 ,-,"$150,000 ",0.04x,-,IDO,Starter,Nov 22,2022/11/12
599,The Killbox KBOX,$0 ,$0 ,-,"$110,000 ",0.02x,-,IDO,GameFi,Nov 22,2022/11/12
600,Vodka Token VODKA,$0 ,$0 ,-,"$50,000 ",0.97x,-,IDO,Zelwin Finance,Nov 21,2022/11/12
601,SpaceY 2025 SPAY,$0.10 ,$4 ,-,"$150,000 ",0.03x,-,IDO,Red Kite,Nov 21,2022/11/12
602,SpaceY 2025 SPAY,$0.10 ,$4 ,-,"$120,000 ",0.03x,-,IDO,GameFi,Nov 21,2022/11/12
603,Lord Arena LORDA,$0 ,$0.01 ,-,"$49,000 ",0.01x,-,IDO,BSClaunch,Nov 20,2022/11/12
604,The Killbox KBOX,$0 ,$0 ,-,"$80,000 ",0.02x,-,IDO,Enjinstarter,Nov 20,2022/11/12
605,Zuki Moba ZUKI,$0 ,$0.01 ,"$192,569 ","$80,000 ",0.05x,-,IDO,BSCStation,Nov 20,2022/11/12
606,Zuki Moba ZUKI,$0 ,$0.01 ,"$192,569 ","$70,000 ",0.05x,-,IDO,LaunchZone,Nov 20,2022/11/12
607,Zuki Moba ZUKI,$0 ,$0.01 ,"$192,569 ","$130,000 ",0.05x,-,IDO,BinStarter,Nov 20,2022/11/12
608,Zuki Moba ZUKI,$0 ,$0.01 ,"$192,569 ","$50,000 ",0.05x,-,IDO,Krystal GO,Nov 20,2022/11/12
609,TryHards TRY,$0 ,$0.09 ,"$427,755 ","$37,500 ",0.04x,-,IDO,Polkabridge,Nov 19,2022/11/12
610,Playermon PYM,$0 ,$0.03 ,"$236,959 ","$100,000 ",0.04x,-,IDO,Enjinstarter,Nov 19,2022/11/12
611,Elpis Battle EBA,$0 ,$0.03 ,"$300,104 ","$150,000 ",0.13x,-,IDO,Poolz,Nov 19,2022/11/12
612,Elpis Battle EBA,$0 ,$0.03 ,"$300,104 ","$156,000 ",0.13x,-,IDO,Krystal GO,Nov 19,2022/11/12
613,Lord Arena LORDA,$0 ,$0.01 ,-,"$250,000 ",0.01x,-,IDO,Gamestarter,Nov 18,2022/11/12
614,TryHards TRY,$0 ,$0.09 ,"$427,755 ","$137,750 ",0.04x,-,IDO,DuckSTARTER,Nov 18,2022/11/12
615,Playermon PYM,$0 ,$0.03 ,"$236,959 ","$30,000 ",0.04x,-,IDO,GameStation,Nov 18,2022/11/12
616,Titan Hunters TITA,$0 ,$0.01 ,-,"$102,000 ",0.22x,-,IDO,GameFi,Nov 18,2022/11/12
617,Titan Hunters TITA,$0 ,$0.01 ,-,"$100,000 ",0.22x,-,IDO,DAO Maker,Nov 18,2022/11/12
618,SolChicks CHICKS,$0 ,$0.05 ,"$1,697,960 ","$150,000 ",0.02x,-,IDO,ZENDIT,Nov 18,2022/11/12
619,Genopets GENE,$1.78 ,$0.80 ,"$7,084,013 ","$400,000 ",2.22x,-,IDO,AcceleRaytor,Nov 18,2022/11/12
620,The Realm Defenders TRD,$0 ,$0.05 ,-,"$100,000 ",0.02x,-,IDO,Poolz,Nov 18,2022/11/12
621,The Realm Defenders TRD,$0 ,$0.05 ,-,"$100,000 ",0.02x,-,IDO,TrustPad,Nov 18,2022/11/12
622,SolChicks CHICKS,$0 ,$0.05 ,"$1,697,960 ","$40,000 ",0.02x,-,IDO,CyberFi,Nov 17,2022/11/12
623,Genopets GENE,$1.78 ,$0.80 ,"$7,084,013 ","$360,000 ",2.22x,-,IDO,Impossible Finance,Nov 17,2022/11/12
624,Mytheria MYRA,$0 ,$0.13 ,-,"$250,000 ",0.05x,-,IDO,Polkastarter,Nov 16,2022/11/12
625,Mytheria MYRA,$0 ,$0.13 ,-,"$105,000 ",0.05x,-,IDO,Red Kite,Nov 16,2022/11/12
626,Velhalla SCAR,$0 ,$0 ,"$309,564 ","$125,000 ",1.23x,-,IDO,GameZone,Nov 16,2022/11/12
627,Polygonum Online POG,$0 ,$0.08 ,"$335,549 ","$120,000 ",0.11x,-,IDO,DAO Maker,Nov 15,2022/11/12
628,ASPO World ASPO,$0 ,$0.05 ,-,"$130,000 ",0.09x,-,IDO,Red Kite,Nov 14,2022/11/12
629,ASPO World ASPO,$0 ,$0.05 ,-,"$120,000 ",0.09x,-,IDO,GameFi,Nov 14,2022/11/12
630,Fabwelt WELT,$0 ,$0.01 ,"$280,096 ","$69,500 ",0.09x,-,IDO,BSClaunch,Nov 14,2022/11/12
631,The Spartans TSP,$0 ,$0.70 ,-,"$300,000 ",-,-,IDO,Poolz,Nov 13,2022/11/12
632,The Dynasty DYT,$0 ,$0.04 ,-,"$300,000 ",0.01x,-,IDO,LaunchZone,Nov 12,2022/11/12
633,The Dynasty DYT,$0 ,$0.04 ,-,"$300,000 ",0.01x,-,IDO,Gamestarter,Nov 12,2022/11/12
634,9D NFT COGI,$0.02 ,$0.04 ,"$1,571,484 ","$283,200 ",0.44x,-,IDO,BSCStation,Nov 12,2022/11/12
635,PlaceWar PLACE,$0 ,$0.01 ,-,"$140,000 ",0.1x,-,IDO,Red Kite,Nov 12,2022/11/12
636,PlaceWar PLACE,$0 ,$0.01 ,-,"$140,000 ",0.1x,-,IDO,GameFi,Nov 12,2022/11/12
637,Fabwelt WELT,$0 ,$0.01 ,"$280,096 ","$25,000 ",0.09x,-,IDO,Kommunitas,Nov 12,2022/11/12
638,Fabwelt WELT,$0 ,$0.01 ,"$280,096 ","$100,000 ",0.09x,-,IDO,CyberFi,Nov 12,2022/11/12
639,Pocket Arena POC,$0.05 ,$0.10 ,"$629,511 ","$75,000 ",0.55x,-,IDO,PAID Network,Nov 11,2022/11/12
640,Cryowar CWAR,$0.01 ,$0.02 ,-,"$150,000 ",0.64x,-,IDO,Seedify,Nov 11,2022/11/12
641,DragonKart KART,$0 ,$0.16 ,"$220,136 ","$300,000 ",0.05x,-,IDO,LaunchZone,Nov 11,2022/11/12
642,DragonKart KART,$0 ,$0.16 ,"$220,136 ","$150,000 ",0.05x,-,IDO,BSCStation,Nov 10,2022/11/12
643,RIFI United RU,$0 ,$0 ,-,"$280,000 ",0.21x,-,IDO,Krystal GO,Nov 09,2022/11/12
644,Project SEED SHILL,$0.01 ,$0.02 ,"$6,502,449 ","$150,000 ",0.79x,-,IDO,Solanium,Nov 09,2022/11/12
645,Project SEED SHILL,$0.01 ,$0.02 ,"$6,502,449 ","$100,000 ",0.79x,-,IDO,GameFi,Nov 09,2022/11/12
646,Crabada CRA,$0 ,$0.01 ,"$1,195,927 ","$400,000 ",0.37x,-,IDO,Avalaunch,Nov 09,2022/11/12
647,DragonKart KART,$0 ,$0.16 ,"$220,136 ","$50,000 ",0.05x,-,IDO,ChainBoost,Nov 09,2022/11/12
648,Project SEED SHILL,$0.01 ,$0.02 ,"$6,502,449 ","$50,000 ",0.79x,-,IDO,Gamestarter,Nov 08,2022/11/12
649,Bemil BEM,$0 ,$0.01 ,-,"$100,000 ",-,-,IDO,DAO Maker,Nov 08,2022/11/12
650,Oly Sport OLY,$0 ,$0.06 ,-,"$140,000 ",0.05x,-,IDO,GameFi,Nov 06,2022/11/12
651,Dark Frontiers DARK,$0.03 ,$0.05 ,"$858,469 ","$160,000 ",0.7x,-,IDO,Gamestarter,Nov 06,2022/11/12
652,HowlCity HWL,$0 ,$0.02 ,-,"$100,000 ",0.01x,-,IDO,LuaStarter,Nov 06,2022/11/12
653,HowlCity HWL,$0 ,$0.02 ,-,"$145,000 ",0.01x,-,IDO,BSCStation,Nov 06,2022/11/12
654,Prometheus MGA,$0.02 ,$0.70 ,-,"$35,000 ",0.04x,-,IDO,GenPad,Nov 05,2022/11/12
655,Meta Spatial SPAT,$0 ,$0.10 ,-,"$132,000 ",0.05x,-,IDO,Red Kite,Nov 05,2022/11/12
656,Meta Spatial SPAT,$0 ,$0.10 ,-,"$113,000 ",0.05x,-,IDO,GameFi,Nov 05,2022/11/12
657,Ninneko NINO,$0 ,$0.01 ,"$168,983 ","$450,000 ",0.11x,-,IDO,LaunchZone,Nov 05,2022/11/12
658,HowlCity HWL,$0 ,$0.02 ,-,"$230,000 ",0.01x,-,IDO,Poolz,Nov 05,2022/11/12
659,Mines of Dalarnia DAR,$0.14 ,$0.07 ,-,"$900,000 ",1.91x,-,IDO,PancakeSwap,Nov 04,2022/11/12
660,Pegaxy PGX,$0 ,$0.02 ,"$898,323 ","$400,000 ",0.31x,-,IDO,Krystal GO,Nov 04,2022/11/12
661,MELI MELI,$0 ,$0.05 ,-,"$200,000 ",0.01x,-,IDO,BSCStation,Nov 03,2022/11/12
662,Oly Sport OLY,$0 ,$0.06 ,-,"$172,000 ",0.05x,-,IDO,BSCStation,Nov 02,2022/11/12
663,Gaia Everworld GAIA,$0 ,$0.16 ,"$1,073,255 ","$100,000 ",0.02x,-,IDO,GameStation,Nov 02,2022/11/12
664,Mimir Quiz MIMIR,$0 ,$0.12 ,-,"$70,000 ",0.02x,-,IDO,Starter,Nov 02,2022/11/12
665,Mimir MIMIR,-,$0.12 ,-,"$70,000 ",-,-,IDO,Starter,Nov 02,2022/11/12
666,Gaia Everworld GAIA,$0 ,$0.16 ,"$1,073,255 ","$300,000 ",0.02x,-,IDO,Seedify,Nov 01,2022/11/12
667,Gaia Everworld GAIA,$0 ,$0.16 ,"$1,073,255 ","$150,000 ",0.02x,-,IDO,BullPerks,Nov 01,2022/11/12
668,The Monopolist MONO,$0 ,$0 ,-,"$175,000 ",0.02x,-,IDO,Poolz,Nov 01,2022/11/12
669,Galactic Arena: The NFTverse GAN,$0 ,$0 ,-,"$200,000 ",0.02x,-,IDO,Poolz,Oct 31,2022/11/12
670,Gaia Everworld GAIA,$0 ,$0.16 ,"$1,073,255 ","$200,000 ",0.02x,-,IDO,Enjinstarter,Oct 31,2022/11/12
671,The Monopolist MONO,$0 ,$0 ,-,"$200,000 ",0.02x,-,IDO,BinStarter,Oct 31,2022/11/12
672,Ghospers Game GHSP,$0 ,$0.01 ,"$123,877 ","$100,000 ",0.3x,-,IDO,GameZone,Oct 30,2022/11/12
673,Gaia Everworld GAIA,$0 ,$0.16 ,"$1,073,255 ","$130,000 ",0.02x,-,IDO,BSCStation,Oct 30,2022/11/12
674,Space Sip SIP,$0 ,$0.02 ,-,"$100,000 ",0.03x,-,IDO,Poolz,Oct 29,2022/11/12
675,GameStation GAMER,$0 ,$0.10 ,-,"$120,000 ",0.04x,-,IDO,ZENDIT,Oct 28,2022/11/12
676,GameStation GAMER,$0 ,$0.10 ,-,"$147,000 ",0.04x,-,IDO,GameFi,Oct 28,2022/11/12
677,Chimeras CHIM,$0.01 ,$0.60 ,-,"$150,000 ",0.03x,-,IDO,BullPerks,Oct 28,2022/11/12
678,Chimeras CHIM,$0.01 ,$0.60 ,-,"$150,000 ",0.03x,-,IDO,PAID Network,Oct 28,2022/11/12
679,Gamerse LFG,$0 ,$0.01 ,"$581,058 ","$70,000 ",0.12x,-,IDO,MoonStarter,Oct 28,2022/11/12
680,Gamerse LFG,$0 ,$0.01 ,"$581,058 ","$350,000 ",0.12x,-,IDO,GameZone,Oct 28,2022/11/12
681,Legend of Fantasy War LFW,$0 ,$0.20 ,"$135,020 ","$250,000 ",0.04x,-,IDO,Polkastarter,Oct 28,2022/11/12
682,Legend of Fantasy War LFW,$0 ,$0.20 ,"$135,020 ","$70,000 ",0.04x,-,IDO,BSCStation,Oct 28,2022/11/12
683,Duelist King DKT,$0.04 ,$1.75 ,-,"$437,500 ",0.03x,-,IDO,PancakeSwap,Oct 27,2022/11/12
684,Duelist King DKT,$0.04 ,-,-,-,-,-,IDO,Impossible Finance,Oct 27,2022/11/12
685,MetaWars WARS,$0 ,$0 ,"$74,673 ","$110,000 ",0.13x,-,IDO,Red Kite,Oct 27,2022/11/12
686,MetaWars WARS,$0 ,$0 ,"$74,673 ","$90,000 ",0.13x,-,IDO,GameFi,Oct 27,2022/11/12
687,Chimeras CHIM,$0.01 ,$0.60 ,-,"$150,000 ",0.03x,-,IDO,Poolz,Oct 26,2022/11/12
688,PolkaPets PETS,-,$0.30 ,-,"$50,000 ",-,-,IDO,ZENDIT,Oct 26,2022/11/12
689,PolkaPets PETS,-,$0.30 ,-,"$80,000 ",-,-,IDO,GameFi,Oct 26,2022/11/12
690,PolkaPets PETS,-,$0.30 ,-,"$100,000 ",-,-,IDO,Red Kite,Oct 26,2022/11/12
691,Duelist King DKT,$0.04 ,$1.75 ,-,"$52,500 ",0.03x,-,IDO,GenPad,Oct 26,2022/11/12
692,Duelist King DKT,$0.04 ,$1.81 ,-,"$301,180 ",0.02x,-,IDO,OccamRazer,Oct 25,2022/11/12
693,Yarloo YARL,$0 ,$0.35 ,-,"$125,000 ",0.01x,-,IDO,TrustPad,Oct 24,2022/11/12
694,Mech Master MECH,$0 ,$0.04 ,-,"$100,000 ",0.04x,-,IDO,GameFi,Oct 23,2022/11/12
695,Mech Master MECH,$0 ,$0.04 ,-,"$97,000 ",0.04x,-,IDO,Red Kite,Oct 23,2022/11/12
696,Yarloo YARL,$0 ,$0.35 ,-,"$125,000 ",0.01x,-,IDO,BullPerks,Oct 22,2022/11/12
697,FuruKuru FUKU,$0 ,$0 ,$828 ,"$240,000 ",-,-,IDO,AvaXlauncher,Oct 22,2022/11/12
698,Cryowar CWAR,$0.01 ,$0.02 ,-,"$140,000 ",0.64x,-,IDO,Solanium,Oct 22,2022/11/12
699,NFT Champions CHAMP,$0.01 ,$0.01 ,-,"$1,100,000 ",1.42x,-,IDO,TrustSwap,Oct 21,2022/11/12
700,WonderHero WND,$0.03 ,$0.13 ,-,"$195,000 ",0.24x,-,IDO,Polkastarter,Oct 21,2022/11/12
701,Hero Arena HERA,$0 ,$0.10 ,-,"$200,000 ",0.05x,-,IDO,Seedify,Oct 20,2022/11/12
702,Cryowar CWAR,$0.01 ,$0.02 ,-,"$50,000 ",0.64x,-,IDO,ChainBoost,Oct 20,2022/11/12
703,Cryptopolis CPO,$0 ,$0.01 ,"$533,513 ","$600,000 ",0.75x,-,IDO,GameZone,Oct 18,2022/11/12
704,Demole DMLG,$0 ,$0.02 ,"$222,419 ","$42,500 ",0.06x,-,IDO,Gamestarter,Oct 18,2022/11/12
705,Demole DMLG,$0 ,$0.02 ,"$222,419 ","$100,000 ",0.06x,-,IDO,DAO Maker,Oct 18,2022/11/12
706,Sinverse SIN,-,$0.02 ,-,"$150,000 ",-,-,IDO,Red Kite,Oct 17,2022/11/12
707,Defi Land DFL,$0 ,$0 ,"$3,293,220 ","$100,000 ",0.22x,-,IDO,Solanium,Oct 17,2022/11/12
708,Sinverse SIN,-,$0.02 ,-,"$100,000 ",-,-,IDO,BullPerks,Oct 16,2022/11/12
709,TapMe TAP,$0 ,$0.02 ,-,"$62,550 ",0.02x,-,ICO,BSClaunch,Oct 15,2022/11/12
710,TapMe TAP,$0 ,$0.02 ,-,"$62,550 ",0.02x,-,ICO,BSCStation,Oct 15,2022/11/12
711,Dreams Quest DREAMS,$0 ,$0.01 ,-,"$125,000 ",0.16x,-,IDO,Red Kite,Oct 15,2022/11/12
712,Dreams Quest DREAMS,$0 ,$0.01 ,-,"$125,000 ",0.16x,-,IDO,GameFi,Oct 15,2022/11/12
713,Dreams Quest DREAMS,$0 ,$0.01 ,-,"$47,500 ",0.16x,-,IDO,DuckSTARTER,Oct 14,2022/11/12
714,Blockchain Monster Hunt BCMC,$0 ,$0.09 ,"$1,981,150 ","$180,000 ",0.1x,-,IDO,Polkastarter,Oct 14,2022/11/12
715,Moniwar MOWA,$0 ,$0.03 ,-,"$70,000 ",0.08x,-,IDO,BSCStation,Oct 13,2022/11/12
716,Kawaii Islands KWT,$0 ,$0.03 ,"$254,127 ","$250,000 ",0.03x,-,IDO,Polkastarter,Oct 13,2022/11/12
717,Blockchain Monster Hunt BCMC,$0 ,$0.09 ,"$1,981,150 ","$180,000 ",0.1x,-,IDO,ChainBoost,Oct 13,2022/11/12
718,ProjectOasis OASIS,$0.04 ,$0.20 ,"$176,437 ","$150,000 ",0.22x,-,IDO,PAID Network,Oct 13,2022/11/12
719,ProjectOasis OASIS,$0.04 ,$0.20 ,"$176,437 ","$100,000 ",0.22x,-,IDO,Starter,Oct 13,2022/11/12
720,The Three Kingdoms TTK,$0 ,$0.01 ,"$168,543 ","$200,000 ",0.06x,-,IDO,DAO Maker,Oct 12,2022/11/12
721,Defina FINA,$0.01 ,$0.40 ,-,"$300,000 ",0.05x,-,IDO,Seedify,Oct 11,2022/11/12
722,Defina FINA,$0.01 ,$0.40 ,-,"$100,000 ",0.05x,-,IDO,Enjinstarter,Oct 11,2022/11/12
723,World of Cryptia CRYPT,-,$0.04 ,-,"$150,000 ",-,-,IDO,GameFi,Oct 08,2022/11/12
724,World of Cryptia CRYPT,-,$0.04 ,-,"$150,000 ",-,-,IDO,Red Kite,Oct 08,2022/11/12
725,Warena RENA,$0.01 ,$0.16 ,"$249,188 ","$100,000 ",0.08x,-,IDO,DAO Maker,Oct 07,2022/11/12
726,Warena RENA,$0.01 ,$0.16 ,"$249,188 ","$100,000 ",0.08x,-,IDO,GameFi,Oct 07,2022/11/12
727,Warena RENA,$0.01 ,$0.16 ,"$249,188 ","$97,000 ",0.08x,-,IDO,Red Kite,Oct 07,2022/11/12
728,Dark Frontiers DARK,$0.03 ,$0.05 ,"$858,469 ","$3,000 ",0.7x,-,IDO,GameFi,Oct 06,2022/11/12
729,Dark Frontiers DARK,$0.03 ,$0.05 ,"$858,469 ","$97,000 ",0.7x,-,IDO,Red Kite,Oct 06,2022/11/12
730,Planet Sandbox PSB,$0.01 ,$0.12 ,-,"$100,000 ",0.15x,-,IDO,GameFi,Oct 05,2022/11/12
731,Heroes & Empires HE,$0 ,$0.01 ,"$1,108,515 ","$125,000 ",0.42x,-,IDO,DAO Maker,Oct 05,2022/11/12
732,Dark Frontiers DARK,$0.03 ,$0.05 ,"$858,469 ","$125,000 ",0.7x,-,IDO,DAO Maker,Oct 04,2022/11/12
733,My Master War MAT,$0 ,$0.12 ,"$183,619 ","$150,000 ",0.05x,-,IDO,GameFi,Oct 04,2022/11/12
734,Continuum World UM,$0 ,$0.01 ,-,"$100,000 ",0.17x,-,IDO,TrustPad,Oct 03,2022/11/12
735,Planet Sandbox PSB,$0.01 ,$0.12 ,-,"$150,000 ",0.15x,-,IDO,Red Kite,Oct 03,2022/11/12
736,My Master War MAT,$0 ,$0.12 ,"$183,619 ","$150,000 ",0.05x,-,IDO,Red Kite,Oct 03,2022/11/12
737,Continuum World UM,$0 ,$0.01 ,-,"$200,000 ",0.17x,-,IDO,Seedify,Oct 01,2022/11/12
738,Nakamoto Games NAKA,$0.06 ,$0.18 ,"$4,383,025 ","$50,000 ",0.37x,-,IDO,Synapse Network,Oct 01,2022/11/12
739,Soccer Hub SCH,$0 ,$0.01 ,"$74,762 ","$76,000 ",0.03x,-,IDO,DuckSTARTER,Sep 30,2022/11/12
740,Soccer Hub SCH,$0 ,$0.01 ,"$74,762 ","$80,000 ",0.03x,-,IDO,Poolz,Sep 30,2022/11/12
741,Green Beli GRBE,$0 ,$0 ,-,"$80,000 ",0.27x,-,IDO,BSCStation,Sep 30,2022/11/12
742,Nakamoto Games NAKA,$0.06 ,$0.18 ,"$4,383,025 ","$70,000 ",0.37x,-,IDO,MoonStarter,Sep 30,2022/11/12
743,GridZone.io ZONE,$0.04 ,$0 ,"$218,516 ","$112,500 ",8.1x,-,IDO,BSCPad,Sep 30,2022/11/12
744,Soccer Hub SCH,$0 ,$0.01 ,"$74,762 ","$170,000 ",0.03x,-,IDO,Red Kite,Sep 29,2022/11/12
745,Cryptoblades Kingdoms KING,$0 ,$0.04 ,-,"$100,000 ",0.02x,-,IDO,ChainBoost,Sep 29,2022/11/12
746,Cryptoblades Kingdoms KING,$0 ,$0.04 ,-,"$600,000 ",0.02x,-,IDO,Seedify,Sep 29,2022/11/12
747,GemGuardian GEMG,$0.01 ,$0.10 ,-,"$100,000 ",0.15x,-,IDO,Poolz,Sep 27,2022/11/12
748,Arata ARATA,$0.01 ,$1.20 ,-,"$300,000 ",0.02x,-,IDO,Lightning,Sep 26,2022/11/12
749,GemGuardian GEMG,$0.01 ,$0.10 ,-,"$150,000 ",0.15x,-,IDO,BinStarter,Sep 25,2022/11/12
750,GemGuardian GEMG,$0.01 ,$0.10 ,-,"$100,000 ",0.15x,-,IDO,TrustPad,Sep 25,2022/11/12
751,Revolve Games RPG,$0.01 ,$0.10 ,"$723,980 ","$102,000 ",0.2x,-,IDO,Red Kite,Sep 25,2022/11/12
752,Starpad SRP,$0 ,$0.02 ,-,"$116,000 ",0.08x,-,IDO,DAO Maker,Sep 24,2022/11/12
753,HeroVerse HER,$0 ,$0.01 ,-,"$115,000 ",0.04x,-,IDO,Red Kite,Sep 23,2022/11/12
754,HeroVerse HER,$0 ,$0.01 ,-,"$105,000 ",0.04x,-,IDO,GameFi,Sep 23,2022/11/12
755,Revolve Games RPG,$0.01 ,$0.10 ,"$723,980 ","$80,000 ",0.2x,-,IDO,CyberFi,Sep 21,2022/11/12
756,Forest Knight KNIGHT,$0.02 ,$0.15 ,-,"$100,000 ",0.14x,-,IDO,Seedify,Sep 18,2022/11/12
757,Monsta Infinite MONI,$0.03 ,$0.20 ,"$1,108,957 ","$47,500 ",0.15x,-,IDO,DuckSTARTER,Sep 17,2022/11/12
758,Thetan Arena THG,$0.06 ,$0.08 ,-,"$200,000 ",0.82x,-,IDO,Polkastarter,Sep 17,2022/11/12
759,VikingsChain VIKC,-,$0.03 ,-,-,-,-,IDO,BSCPad,Sep 16,2022/11/12
760,Forest Knight KNIGHT,$0.02 ,$0.15 ,-,"$100,000 ",0.14x,-,IDO,ChainBoost,Sep 16,2022/11/12
761,Monsta Infinite MONI,$0.03 ,$0.20 ,"$1,108,957 ","$80,000 ",0.15x,-,IDO,MoonStarter,Sep 16,2022/11/12
762,Monsta Infinite MONI,$0.03 ,$0.20 ,"$1,108,957 ","$80,000 ",0.15x,-,IDO,PAID Network,Sep 16,2022/11/12
763,Thetan Arena THG,$0.06 ,$0.08 ,-,"$100,000 ",0.82x,-,IDO,PAID Network,Sep 16,2022/11/12
764,Monsters Clan MONS,$0.01 ,$0.15 ,-,"$237,498 ",0.12x,-,IDO,Seedify,Sep 15,2022/11/12
765,Monsters Clan MONS,$0.01 ,$0.15 ,-,"$100,000 ",0.12x,-,IDO,Red Kite,Sep 15,2022/11/12
766,Rogue West ROGUE,-,$0.08 ,-,"$113,550 ",-,-,IDO,CyberFi,Sep 14,2022/11/12
767,Realm REALM,$0.01 ,$0.03 ,"$3,909,595 ","$225,000 ",0.44x,-,IDO,Polkastarter,Sep 14,2022/11/12
768,Pocoland POCO,$0 ,$0.10 ,-,"$350,000 ",0.02x,-,IDO,Seedify,Sep 09,2022/11/12
769,Gold Fever NGL,$0.21 ,$0.14 ,"$2,293,701 ","$110,000 ",1.48x,-,IDO,DAO Maker,Sep 09,2022/11/12
770,MoonieNFT MNY,$0 ,$0 ,"$115,452 ","$116,530 ",0.03x,-,IDO,Polkastarter,Sep 07,2022/11/12
771,DeFi Warrior FIWA,$0 ,$0 ,"$224,254 ","$100,000 ",0.04x,-,IDO,Red Kite,Sep 07,2022/11/12
772,DeFi Warrior FIWA,$0 ,$0 ,"$224,254 ","$80,000 ",0.04x,-,IDO,Poolz,Sep 07,2022/11/12
773,HeroFi HEROEGG,$0 ,$0 ,"$248,947 ","$390,040 ",0.17x,-,IDO,LaunchZone,Sep 06,2022/11/12
774,Snook SNK,$0.02 ,$0.32 ,"$471,829 ","$200,000 ",0.09x,-,IDO,TrustPad,Sep 06,2022/11/12
775,Snook SNK,$0.02 ,$0.32 ,"$471,829 ","$200,000 ",0.09x,-,IDO,Seedify,Sep 06,2022/11/12
776,DeathRoad DRACE,$0 ,$0 ,"$116,699 ","$17,000 ",0.37x,-,IDO,GameFi,Sep 05,2022/11/12
777,DeathRoad DRACE,$0 ,$0 ,"$116,699 ","$103,000 ",0.37x,-,IDO,Red Kite,Sep 05,2022/11/12
778,YAY Games YAY,$0 ,$0.01 ,-,"$379,319 ",0.02x,-,IDO,Avalaunch,Sep 05,2022/11/12
779,Snook SNK,$0.02 ,$0.32 ,"$471,829 ","$200,000 ",0.09x,-,IDO,DAO Maker,Sep 04,2022/11/12
780,Star Atlas ATLAS,$0 ,$0 ,"$6,233,969 ","$248,400 ",2.1x,-,IDO,PAID Network,Sep 02,2022/11/12
781,Star Atlas ATLAS,$0 ,$0 ,"$6,233,969 ","$248,400 ",2.1x,-,IDO,AcceleRaytor,Sep 02,2022/11/12
782,Kaby Arena KABY,$0 ,$0 ,-,"$100,000 ",0.14x,-,IDO,DAO Maker,Aug 31,2022/11/12
783,Duel Network DUEL,$0.04 ,$0.07 ,"$962,970 ","$50,000 ",0.57x,-,IDO,RoadStarter,Aug 31,2022/11/12
784,Kaby Arena KABY,$0 ,$0 ,-,"$110,000 ",0.14x,-,IDO,Red Kite,Aug 29,2022/11/12
785,Kaby Arena KABY,$0 ,$0 ,-,"$100,000 ",0.14x,-,IDO,GameFi,Aug 29,2022/11/12
786,Wanaka Farm WANA,$0.01 ,$0.04 ,"$977,521 ","$95,000 ",0.31x,-,IDO,DuckSTARTER,Aug 29,2022/11/12
787,Wanaka Farm WANA,$0.01 ,$0.04 ,"$977,521 ","$153,600 ",0.31x,-,IDO,Poolz,Aug 27,2022/11/12
788,Cryptomeda TECH,$0 ,$0.01 ,"$235,807 ","$280,000 ",0.06x,-,IDO,Seedify,Aug 25,2022/11/12
789,YAY Games YAY,$0 ,$0.01 ,-,"$100,000 ",0.02x,-,IDO,Poolz,Aug 25,2022/11/12
790,YAY Games YAY,$0 ,$0.01 ,-,"$25,000 ",0.02x,-,IDO,TruePNL,Aug 24,2022/11/12
791,Kryptomon KMON,$0.01 ,$0 ,-,"$110,000 ",1.88x,-,IDO,Red Kite,Aug 23,2022/11/12
792,Kryptomon KMON,$0.01 ,$0 ,-,"$78,400 ",1.88x,-,IDO,Poolz,Aug 18,2022/11/12
793,Step Hero HERO,$0 ,$0.10 ,-,"$120,000 ",0.02x,-,IDO,Red Kite,Aug 15,2022/11/12
794,Step Hero HERO,$0 ,$0.10 ,-,"$110,000 ",0.02x,-,IDO,LaunchZone,Aug 15,2022/11/12
795,Realm REALM,$0.01 ,$0.03 ,"$3,909,595 ","$400,000 ",0.44x,-,IDO,Launchpool,Aug 04,2022/11/12
796,DinoX DNXC,$0.01 ,$0.02 ,"$1,527,227 ","$200,000 ",0.53x,-,IDO,DAO Maker,Jul 26,2022/11/12
797,WIZARD WIZARD,$0.04 ,$0.50 ,-,"$100,000 ",0.09x,-,IDO,Seedify,Jul 15,2022/11/12
798,Bunicorn BUNI,$0 ,$0.03 ,-,"$100,000 ",0.09x,-,IDO,Red Kite,Jul 12,2022/11/12
799,PolkaWar PWAR,$0 ,$0.14 ,"$351,995 ","$290,000 ",0.03x,-,IDO,Polkabridge,Jun 28,2022/11/12
800,PolkaWar PWAR,$0 ,$0.15 ,"$351,995 ","$78,000 ",0.03x,-,IDO,DuckSTARTER,Jun 28,2022/11/12
801,Polker PKR,$0 ,$0.02 ,"$683,333 ","$150,750 ",0.21x,-,IDO,BSCPad,Jun 25,2022/11/12
802,Polker PKR,$0 ,$0.02 ,"$683,333 ","$150,750 ",0.21x,-,IDO,TronPad,Jun 25,2022/11/12
803,Bunicorn BUNI,$0 ,$0.03 ,-,"$200,000 ",0.09x,-,IDO,Poolz,Jun 21,2022/11/12
804,Bitspawn SPWN,$0 ,$0.01 ,"$280,311 ","$100,000 ",0.03x,-,IDO,ZENDIT,Jun 21,2022/11/12
805,Bitspawn SPWN,$0 ,$0.01 ,"$280,311 ","$661,708 ",0.03x,-,IDO,CyberFi,Jun 15,2022/11/12
806,DeFi11 D11,$0 ,$0.10 ,-,"$400,000 ",-,-,IDO,Launchpool,Jun 14,2022/11/12
807,CryptoTycoon CTT,$0.30 ,$30 ,"$23,541 ","$300,000 ",0.01x,-,IDO,ZENDIT,May 24,2022/11/12
808,FEAR FEAR,$0.08 ,$0.10 ,"$1,140,522 ","$95,000 ",0.88x,-,IDO,DAO Maker,May 20,2022/11/12
809,Ethermon EMON,$0 ,$0.10 ,"$231,631 ","$200,000 ",0.03x,-,IDO,Polkastarter,May 18,2022/11/12
810,TradeStars TSX,$0 ,$0.16 ,"$141,861 ","$120,000 ",0.06x,-,IDO,BSCPad,May 04,2022/11/12
811,TradeStars TSX,$0 ,$0.16 ,"$141,861 ","$120,000 ",0.06x,-,IDO,ZeeDO,May 04,2022/11/12
812,Legends of Crypto LOCG,-,$0.03 ,-,"$156,000 ",-,-,IDO,DAO Maker,May 03,2022/11/12
813,The Crypto Prophecies TCP,$0 ,$0.05 ,"$616,048 ","$165,000 ",0.11x,-,IDO,DAO Maker,Apr 28,2022/11/12
814,My DeFi Pet DPET,$0.06 ,$0.08 ,"$3,065,150 ","$50,000 ",0.77x,-,IDO,ZENDIT,Apr 27,2022/11/12
815,My DeFi Pet DPET,$0.06 ,$0.08 ,"$3,065,150 ","$125,000 ",0.77x,-,IDO,KickPAD,Apr 27,2022/11/12
816,Mist MIST,$0.01 ,$0 ,"$739,398 ","$100,000 ",1.58x,-,IDO,KickPAD,Apr 16,2022/11/12
817,Rage.Fan RAGE,$0 ,$0.04 ,"$212,957 ","$60,000 ",0.04x,-,IDO,ZeeDO,Mar 31,2022/11/12
818,Rage.Fan RAGE,$0 ,$0.04 ,"$212,957 ","$100,000 ",0.04x,-,IDO,Poolz,Mar 31,2022/11/12
819,GamyFi GFX,$0.04 ,$1 ,"$138,673 ","$40,000 ",0.04x,-,IDO,ZENDIT,Mar 29,2022/11/12
820,ChainGuardians CGG,-,$0.12 ,-,"$216,000 ",-,-,IDO,Polkastarter,Mar 10,2022/11/12
821,My Neighbor Alice ALICE,$1.21 ,$0.12 ,"$69,037,707 ","$100,000 ",9.68x,-,IDO,DAO Maker,Feb 03,2022/11/12
822,Seascape Crowns CWS,$0.33 ,$1 ,"$1,270,368 ","$60,000 ",0.34x,-,IDO,DAO Maker,Jan 27,2022/11/12
