,游戏名称,设立奖学金的公会,公会合作游戏数量,爬取时间
1,The Sandbox,Earn Guild,68,2022/11/12
1,The Sandbox,Yield Guild Games,41,2022/11/12
1,The Sandbox,UniX Gaming,36,2022/11/12
1,The Sandbox,Blockchain Space,36,2022/11/12
1,The Sandbox,Bayz,31,2022/11/12
1,The Sandbox,Blackpool,17,2022/11/12
2,Decentraland,Earn Guild,68,2022/11/12
3,Axie Infinity,Cosmic Guild,15,2022/11/12
3,Axie Infinity,GuildFi,25,2022/11/12
3,Axie Infinity,Good Games Guild,77,2022/11/12
3,Axie Infinity,Yield Guild Games,41,2022/11/12
3,Axie Infinity,Hooga Gaming,10,2022/11/12
3,Axie Infinity,UniX Gaming,36,2022/11/12
3,Axie Infinity,Blockchain Space,36,2022/11/12
3,Axie Infinity,Ancient8,15,2022/11/12
3,Axie Infinity,Play It Forward DAO,25,2022/11/12
3,Axie Infinity,Bayz,31,2022/11/12
3,Axie Infinity,Salad Ventures,10,2022/11/12
3,Axie Infinity,IndiGG,28,2022/11/12
3,Axie Infinity,YGG Sea,40,2022/11/12
3,Axie Infinity,Blackpool,17,2022/11/12
3,Axie Infinity,Loot Squad,7,2022/11/12
4,Enjin Coin,,,2022/11/12
5,STEPN,,,2022/11/12
6,Gala Games,,,2022/11/12
7,Ankr,,,2022/11/12
8,PlayDapp,,,2022/11/12
9,MOBOX,Yield Guild Games,41,2022/11/12
9,MOBOX,Bayz,31,2022/11/12
10,Vulcan Forged,Yield Guild Games,41,2022/11/12
10,Vulcan Forged,PathDAO,39,2022/11/12
11,Illuvium,Earn Guild,68,2022/11/12
11,Illuvium,Yield Guild Games,41,2022/11/12
11,Illuvium,Merit Circle,34,2022/11/12
11,Illuvium,Bayz,31,2022/11/12
12,Radio Caca,,,2022/11/12
13,My Neighbor Alice,Earn Guild,68,2022/11/12
14,Ultra,,,2022/11/12
15,Alien Worlds,Earn Guild,68,2022/11/12
16,SweatCoin,,,2022/11/12
17,Clash Of Lilliput,,,2022/11/12
18,UFO Gaming,Merit Circle,34,2022/11/12
19,Aavegotchi,Yield Guild Games,41,2022/11/12
19,Aavegotchi,YGG Sea,40,2022/11/12
19,Aavegotchi,Blackpool,17,2022/11/12
20,Step App,,,2022/11/12
21,Gods Unchained,Blackpool,17,2022/11/12
22,StarLink,,,2022/11/12
23,Guild Of Guardians,Yield Guild Games,41,2022/11/12
24,DeFi Kingdoms,UniX Gaming,36,2022/11/12
25,League Of Kingdoms,Earn Guild,68,2022/11/12
25,League Of Kingdoms,Yield Guild Games,41,2022/11/12
25,League Of Kingdoms,Avocado DAO,33,2022/11/12
25,League Of Kingdoms,PathDAO,39,2022/11/12
25,League Of Kingdoms,IndiGG,28,2022/11/12
26,Splinterlands,Yield Guild Games,41,2022/11/12
26,Splinterlands,UniX Gaming,36,2022/11/12
26,Splinterlands,Blockchain Space,36,2022/11/12
27,Decentral Games,,,2022/11/12
28,Wilder World,,,2022/11/12
29,Phantasma,,,2022/11/12
30,Somnium Space,,,2022/11/12
31,MixMarvel,,,2022/11/12
32,Victoria VR,,,2022/11/12
33,Cornucopias,,,2022/11/12
34,OVR,,,2022/11/12
35,BOSAGORA,,,2022/11/12
36,Magic Craft,,,2022/11/12
37,DeRace,,,2022/11/12
38,Sipher,Cosmic Guild,15,2022/11/12
38,Sipher,GuildFi,25,2022/11/12
38,Sipher,Yield Guild Games,41,2022/11/12
38,Sipher,Merit Circle,34,2022/11/12
38,Sipher,UniX Gaming,36,2022/11/12
38,Sipher,Perion,9,2022/11/12
38,Sipher,Avocado DAO,33,2022/11/12
38,Sipher,Ancient8,15,2022/11/12
38,Sipher,Play It Forward DAO,25,2022/11/12
38,Sipher,Salad Ventures,10,2022/11/12
38,Sipher,IndiGG,28,2022/11/12
38,Sipher,YGG Sea,40,2022/11/12
38,Sipher,Loot Squad,7,2022/11/12
39,Affyn,,,2022/11/12
40,GAMI,,,2022/11/12
41,RedFox Labs,Yield Guild Games,41,2022/11/12
42,Mancium,,,2022/11/12
43,Rebel Bots - Xoil Wars,Avocado DAO,33,2022/11/12
43,Rebel Bots - Xoil Wars,PathDAO,39,2022/11/12
44,XANA,,,2022/11/12
45,Gelato,,,2022/11/12
46,Meta Apes,,,2022/11/12
47,Revv Racing,Yield Guild Games,41,2022/11/12
47,Revv Racing,Avocado DAO,33,2022/11/12
48,MonkeyLeague,UniX Gaming,36,2022/11/12
48,MonkeyLeague,Avocado DAO,33,2022/11/12
48,MonkeyLeague,Hooga Gaming,10,2022/11/12
48,MonkeyLeague,Bayz,31,2022/11/12
49,Ariva Digital,,,2022/11/12
50,Netvrk,,,2022/11/12
51,Genopets,Cosmic Guild,15,2022/11/12
51,Genopets,Yield Guild Games,41,2022/11/12
51,Genopets,Merit Circle,34,2022/11/12
51,Genopets,UniX Gaming,36,2022/11/12
51,Genopets,Avocado DAO,33,2022/11/12
51,Genopets,IndiGG,28,2022/11/12
51,Genopets,YGG Sea,40,2022/11/12
51,Genopets,Blackpool,17,2022/11/12
51,Genopets,SNACKCLUB,8,2022/11/12
52,Ternoa,,,2022/11/12
53,Star Atlas,Earn Guild,68,2022/11/12
53,Star Atlas,Cosmic Guild,15,2022/11/12
53,Star Atlas,Yield Guild Games,41,2022/11/12
53,Star Atlas,UniX Gaming,36,2022/11/12
53,Star Atlas,Bayz,31,2022/11/12
54,Project SEED,,,2022/11/12
55,Darwinia Network,,,2022/11/12
56,Voxies,,,2022/11/12
57,My Crypto Heroes,Blackpool,17,2022/11/12
58,Dvision Network,,,2022/11/12
59,Xaya,,,2022/11/12
60,Aurory,Cosmic Guild,15,2022/11/12
61,GamerCoin,,,2022/11/12
62,Rainicorn,,,2022/11/12
63,Dotmoovs,Play It Forward DAO,25,2022/11/12
64,Vidya,,,2022/11/12
65,SIDUS,Earn Guild,68,2022/11/12
65,SIDUS,Good Games Guild,77,2022/11/12
65,SIDUS,Merit Circle,34,2022/11/12
65,SIDUS,UniX Gaming,36,2022/11/12
65,SIDUS,Perion,9,2022/11/12
66,GAMEE,,,2022/11/12
67,Bondly,,,2022/11/12
68,VEmpire,,,2022/11/12
69,Atari Token,,,2022/11/12
70,MetaSoccer,Cosmic Guild,15,2022/11/12
70,MetaSoccer,MetaGaming Guild,41,2022/11/12
70,MetaSoccer,PathDAO,39,2022/11/12
70,MetaSoccer,Bayz,31,2022/11/12
70,MetaSoccer,Blackpool,17,2022/11/12
71,Nakamoto Games,,,2022/11/12
72,DOSE,,,2022/11/12
73,Realm,,,2022/11/12
74,BattleBonk,,,2022/11/12
75,NFT Worlds,,,2022/11/12
76,Defi Land,,,2022/11/12
77,Crazy Defense Heroes,Yield Guild Games,41,2022/11/12
78,Block Duelers,,,2022/11/12
79,My DeFi Pet,,,2022/11/12
80,Celestial,,,2022/11/12
81,Gamestarter,MetaGaming Guild,41,2022/11/12
82,Island Of Aura,,,2022/11/12
83,Gold Fever,MetaGaming Guild,41,2022/11/12
84,BreederDAO,Cosmic Guild,15,2022/11/12
84,BreederDAO,IndiGG,28,2022/11/12
84,BreederDAO,Earn Guild,68,2022/11/12
85,Binamon,,,2022/11/12
86,ZooKeeper,,,2022/11/12
87,VCGamers,,,2022/11/12
88,KleeRun,,,2022/11/12
89,Polkacity,,,2022/11/12
90,Blockchain Monster Hunt,Play It Forward DAO,25,2022/11/12
91,Starship,,,2022/11/12
92,Decimated,Good Games Guild,77,2022/11/12
93,Roco Finance,,,2022/11/12
94,KomNPlay,,,2022/11/12
95,Dope Wars,,,2022/11/12
96,SolChicks,Earn Guild,68,2022/11/12
96,SolChicks,Blockchain Space,36,2022/11/12
96,SolChicks,YGG Sea,40,2022/11/12
97,DEEPSPACE,,,2022/11/12
98,Froyo Games,Good Games Guild,77,2022/11/12
98,Froyo Games,Hooga Gaming,10,2022/11/12
99,DinoX,MetaGaming Guild,41,2022/11/12
99,DinoX,Good Games Guild,77,2022/11/12
99,DinoX,Bayz,31,2022/11/12
100,9D NFT,,,2022/11/12
101,Outer Ring,,,2022/11/12
102,Wam,MetaGaming Guild,41,2022/11/12
103,Spheroid Universe,,,2022/11/12
104,Kitsumon,MetaGaming Guild,41,2022/11/12
104,Kitsumon,Good Games Guild,77,2022/11/12
105,Human: Memento,,,2022/11/12
106,Revomon,,,2022/11/12
107,Crabada,Salad Ventures,10,2022/11/12
108,Bullieverse,Good Games Guild,77,2022/11/12
109,CryptoBlades,,,2022/11/12
110,Seascape Crowns,,,2022/11/12
111,Crypto Raiders,GuildFi,25,2022/11/12
111,Crypto Raiders,Merit Circle,34,2022/11/12
112,Trivians,,,2022/11/12
113,Calo,,,2022/11/12
114,VIDT Datalink,,,2022/11/12
115,Trade Race Manager,,,2022/11/12
116,FEAR,,,2022/11/12
117,Monsta Infinite,,,2022/11/12
118,Galaxy Fight Club,Perion,9,2022/11/12
118,Galaxy Fight Club,PathDAO,39,2022/11/12
118,Galaxy Fight Club,YGG Sea,40,2022/11/12
119,Cometh,Blackpool,17,2022/11/12
120,Gaia Everworld,,,2022/11/12
121,Heroes & Empires,UniX Gaming,36,2022/11/12
121,Heroes & Empires,Bayz,31,2022/11/12
122,Gunstar Metaverse,MetaGaming Guild,41,2022/11/12
122,Gunstar Metaverse,Earn Guild,68,2022/11/12
123,Galaxy Blitz,Earn Guild,68,2022/11/12
124,OpenWorld,,,2022/11/12
125,Alchemy Arena,,,2022/11/12
126,Wanaka Farm,Blockchain Space,36,2022/11/12
127,Duel Network,,,2022/11/12
128,Dark Frontiers,MetaGaming Guild,41,2022/11/12
128,Dark Frontiers,Earn Guild,68,2022/11/12
129,Battle Pets,,,2022/11/12
130,Arcona,,,2022/11/12
131,Pegaxy,Cosmic Guild,15,2022/11/12
131,Pegaxy,GuildFi,25,2022/11/12
131,Pegaxy,Good Games Guild,77,2022/11/12
131,Pegaxy,UniX Gaming,36,2022/11/12
131,Pegaxy,Play It Forward DAO,25,2022/11/12
131,Pegaxy,Bayz,31,2022/11/12
131,Pegaxy,Salad Ventures,10,2022/11/12
131,Pegaxy,IndiGG,28,2022/11/12
132,Wall Street Games,,,2022/11/12
133,Katana Inu,Earn Guild,68,2022/11/12
134,Nitro League,GuildFi,25,2022/11/12
134,Nitro League,Yield Guild Games,41,2022/11/12
134,Nitro League,UniX Gaming,36,2022/11/12
134,Nitro League,Blockchain Space,36,2022/11/12
134,Nitro League,Play It Forward DAO,25,2022/11/12
134,Nitro League,YGG Sea,40,2022/11/12
134,Nitro League,MetaGaming Guild,41,2022/11/12
134,Nitro League,Earn Guild,68,2022/11/12
135,Faraland,Earn Guild,68,2022/11/12
135,Faraland,Good Games Guild,77,2022/11/12
135,Faraland,Salad Ventures,10,2022/11/12
136,MoveZ,,,2022/11/12
137,Mist,,,2022/11/12
138,MicroPets,,,2022/11/12
139,Revolve Games,,,2022/11/12
140,Fief Guild,,,2022/11/12
141,CryptoZoon,,,2022/11/12
142,Polker,,,2022/11/12
143,RUN TOGETHER,,,2022/11/12
144,Etermon,,,2022/11/12
145,Pocket Arena,,,2022/11/12
146,The Crypto Prophecies,,,2022/11/12
147,Chain Of Legends,,,2022/11/12
148,Gamerse,,,2022/11/12
149,WIRTUAL,,,2022/11/12
150,Cryptopolis,,,2022/11/12
151,Nifty League,,,2022/11/12
152,Metastrike,Earn Guild,68,2022/11/12
152,Metastrike,Good Games Guild,77,2022/11/12
153,Kalao,,,2022/11/12
154,Night Life Crypto,,,2022/11/12
155,InpulseX,,,2022/11/12
156,League Of Ancients,Earn Guild,68,2022/11/12
156,League Of Ancients,UniX Gaming,36,2022/11/12
157,MegaCryptoPolis,,,2022/11/12
158,Meta Doge,,,2022/11/12
159,Snook,,,2022/11/12
160,Bomb Crypto,Bayz,31,2022/11/12
161,Fancy Birds,Yield Guild Games,41,2022/11/12
161,Fancy Birds,Merit Circle,34,2022/11/12
161,Fancy Birds,IndiGG,28,2022/11/12
161,Fancy Birds,YGG Sea,40,2022/11/12
161,Fancy Birds,Loot Squad,7,2022/11/12
162,BeFITTER,,,2022/11/12
163,RainbowToken,,,2022/11/12
164,TryHards,,,2022/11/12
165,Ftribe Fighters,,,2022/11/12
166,Hololoot,,,2022/11/12
167,Moonscape,,,2022/11/12
168,Plant Vs Undead,UniX Gaming,36,2022/11/12
169,PolkaWar,,,2022/11/12
170,Singularity,,,2022/11/12
171,Polygonum Online,,,2022/11/12
172,VIBEHub,,,2022/11/12
173,Dragonary,UniX Gaming,36,2022/11/12
173,Dragonary,Play It Forward DAO,25,2022/11/12
174,The Parallel,,,2022/11/12
175,Velhalla,,,2022/11/12
176,Fabwelt,,,2022/11/12
177,Reward Hunters,,,2022/11/12
178,Elpis Battle,GuildFi,25,2022/11/12
178,Elpis Battle,Avocado DAO,33,2022/11/12
178,Elpis Battle,Ancient8,15,2022/11/12
179,Alpaca City,,,2022/11/12
180,Bitspawn,,,2022/11/12
181,Rise Of Defenders,Good Games Guild,77,2022/11/12
182,Moo Monster,Good Games Guild,77,2022/11/12
183,Dogemon GO,,,2022/11/12
184,Football Battle,,,2022/11/12
185,Wizarre,Earn Guild,68,2022/11/12
185,Wizarre,Good Games Guild,77,2022/11/12
186,MetaBrands,,,2022/11/12
187,Starbots,Good Games Guild,77,2022/11/12
188,Kawaii Islands,Good Games Guild,77,2022/11/12
189,Warena,,,2022/11/12
190,HeroFi,,,2022/11/12
191,Playermon,,,2022/11/12
192,Metaverse Miner,,,2022/11/12
193,Hero Blaze: Three Kingdoms,,,2022/11/12
194,KingdomX,MetaGaming Guild,41,2022/11/12
194,KingdomX,Good Games Guild,77,2022/11/12
195,Cryptomeda,,,2022/11/12
196,FoxGirl,,,2022/11/12
197,Imperium Empires,,,2022/11/12
198,DragonKart,Bayz,31,2022/11/12
199,Ethermon,,,2022/11/12
200,MetaGods,MetaGaming Guild,41,2022/11/12
200,MetaGods,Good Games Guild,77,2022/11/12
200,MetaGods,PathDAO,39,2022/11/12
200,MetaGods,Play It Forward DAO,25,2022/11/12
200,MetaGods,Earn Guild,68,2022/11/12
200,MetaGods,Avocado DAO,33,2022/11/12
201,DeFi Warrior,Blockchain Space,36,2022/11/12
202,Demole,MetaGaming Guild,41,2022/11/12
202,Demole,Good Games Guild,77,2022/11/12
202,Demole,Avocado DAO,33,2022/11/12
203,Ninneko,Bayz,31,2022/11/12
204,Rage.Fan,Earn Guild,68,2022/11/12
205,Dexioprotocol,,,2022/11/12
206,Clementine's Nightmare,,,2022/11/12
207,Zuki Moba,YGG Sea,40,2022/11/12
208,GridZone.io,,,2022/11/12
209,Fight Of The Ages,Merit Circle,34,2022/11/12
210,My Master War,,,2022/11/12
211,PlayNity,,,2022/11/12
212,Toshimon,,,2022/11/12
213,MOVEY,,,2022/11/12
214,Samurai Legends,,,2022/11/12
215,ChainWars,,,2022/11/12
216,ProjectOasis,,,2022/11/12
217,The Three Kingdoms,Good Games Guild,77,2022/11/12
218,DopeWarz,,,2022/11/12
219,TaleCraft,,,2022/11/12
220,Zodium,GuildFi,25,2022/11/12
221,Crypto Fight Club,,,2022/11/12
222,Playcent,,,2022/11/12
223,MoveCash,,,2022/11/12
224,Rune,,,2022/11/12
225,Metarun,,,2022/11/12
226,Legend Of Fantasy War,Good Games Guild,77,2022/11/12
227,KingSpeed,Good Games Guild,77,2022/11/12
228,CropBytes,,,2022/11/12
229,TradeStars,,,2022/11/12
230,GamyFi,,,2022/11/12
231,Ghospers Game,,,2022/11/12
232,MoonieNFT,,,2022/11/12
233,Block Ape Scissors,,,2022/11/12
234,DeathRoad,,,2022/11/12
235,Aluna Social,,,2022/11/12
236,Avaxtars,,,2022/11/12
237,Lunaverse,,,2022/11/12
238,Ark Of The Universe,,,2022/11/12
239,Phantasia Sports,,,2022/11/12
240,BFK Warzone,,,2022/11/12
241,Idle Mystic,,,2022/11/12
242,Soccer Hub,,,2022/11/12
243,Genesis Worlds,,,2022/11/12
244,MetaWars,Earn Guild,68,2022/11/12
245,Adamant Mine,,,2022/11/12
246,Infinity Skies,Good Games Guild,77,2022/11/12
247,RisingSun,,,2022/11/12
248,Luna Rush,Bayz,31,2022/11/12
249,Werewolves,,,2022/11/12
250,SolChicks Shards,,,2022/11/12
251,GameX,,,2022/11/12
252,DFSocial Gaming,,,2022/11/12
253,Ulti Arena,,,2022/11/12
254,Crusaders Of Crypto,,,2022/11/12
255,APEmove,,,2022/11/12
256,Graviton Zero,,,2022/11/12
257,1000Blocks,,,2022/11/12
258,DarleyGo,Avocado DAO,33,2022/11/12
259,Binapet,,,2022/11/12
260,Battle Saga,Earn Guild,68,2022/11/12
261,WidiLand,,,2022/11/12
262,Metafluence,,,2022/11/12
263,Operon Origins,,,2022/11/12
264,NFT Soccer Games,,,2022/11/12
265,CryptoTycoon,,,2022/11/12
266,Crystal Kingdoms,,,2022/11/12
267,Azuma Games,,,2022/11/12
268,Meeb Master,,,2022/11/12
269,Chain Myth,,,2022/11/12
270,World Of Defish,Good Games Guild,77,2022/11/12
270,World Of Defish,Blockchain Space,36,2022/11/12
271,Black Eye Galaxy,,,2022/11/12
272,MechaChain,,,2022/11/12
273,Bountie Hunter,PathDAO,39,2022/11/12
274,FuruKuru,,,2022/11/12
275,Mobland,Yield Guild Games,41,2022/11/12
275,Mobland,Perion,9,2022/11/12
276,Crypto Gangsters,,,2022/11/12
277,GoldMiner,,,2022/11/12
278,99Starz,,,2022/11/12
279,Crypto Citizen,Blockchain Space,36,2022/11/12
279,Crypto Citizen,UniX Gaming,36,2022/11/12
280,ConeGame,,,2022/11/12
281,Mimir Quiz,,,2022/11/12
282,Cryptoids Game Coin,,,2022/11/12
283,Blade Warrior,,,2022/11/12
284,11Minutes,,,2022/11/12
285,ManuFactory,,,2022/11/12
286,WAGMI DEFENSE,,,2022/11/12
287,Griffin Art,,,2022/11/12
288,CryptoDiceHero,,,2022/11/12
289,Noa Game,,,2022/11/12
290,12 Legions,MetaGaming Guild,41,2022/11/12
291,Attack Wagon,,,2022/11/12
292,Instinct Games,,,2022/11/12
293,Dragon War,MetaGaming Guild,41,2022/11/12
293,Dragon War,Good Games Guild,77,2022/11/12
294,Orbitau,,,2022/11/12
295,Survival Game Online,,,2022/11/12
296,Hero Cat Key,,,2022/11/12
297,Arker,Good Games Guild,77,2022/11/12
298,More Than Gamers,,,2022/11/12
299,Sugar Kingdom,,,2022/11/12
300,Alpha Kombat,,,2022/11/12
301,League Of Empires,Good Games Guild,77,2022/11/12
302,Ark Rivals,MetaGaming Guild,41,2022/11/12
302,Ark Rivals,Good Games Guild,77,2022/11/12
303,FunFi,,,2022/11/12
304,Bored Battle Apes,,,2022/11/12
305,Mortal Wars,,,2022/11/12
306,X-Metaverse,,,2022/11/12
307,MosterIsland,,,2022/11/12
308,WormFi,,,2022/11/12
309,Dogs Kombat,,,2022/11/12
310,MoneyTree,,,2022/11/12
311,Spellfire,Good Games Guild,77,2022/11/12
312,Impostors,,,2022/11/12
313,Spring Game,,,2022/11/12
314,Alpha Kombat,,,2022/11/12
315,Codyfight,MetaGaming Guild,41,2022/11/12
316,Metroverse,,,2022/11/12
317,Oceanland,,,2022/11/12
318,MetaFighter,,,2022/11/12
319,Pizza Game,,,2022/11/12
320,Monster Saga,,,2022/11/12
321,Drawshop Kingdom Reverse Joystick,,,2022/11/12
322,Unobtainium,,,2022/11/12
323,PolyGod,,,2022/11/12
324,PiratesKing,,,2022/11/12
325,RoboHero,,,2022/11/12
326,Gamesta,,,2022/11/12
327,Sugar Kingdom,,,2022/11/12
328,Arker,Good Games Guild,77,2022/11/12
329,Orbitau,,,2022/11/12
330,Dragon War,MetaGaming Guild,41,2022/11/12
330,Dragon War,Good Games Guild,77,2022/11/12
331,11Minutes,,,2022/11/12
332,ConeGame,,,2022/11/12
333,Crypto Citizen,Blockchain Space,36,2022/11/12
333,Crypto Citizen,UniX Gaming,36,2022/11/12
334,99Starz,,,2022/11/12
335,Starpad,,,2022/11/12
336,Karmaverse,Earn Guild,68,2022/11/12
336,Karmaverse,Good Games Guild,77,2022/11/12
336,Karmaverse,Avocado DAO,33,2022/11/12
336,Karmaverse,PathDAO,39,2022/11/12
336,Karmaverse,YGG Sea,40,2022/11/12
337,Adroverse,,,2022/11/12
338,GamesPad,YGG Sea,40,2022/11/12
339,Vmates,,,2022/11/12
340,Oren Game,,,2022/11/12
341,Manarium,,,2022/11/12
342,Bit Hotel,Blockchain Space,36,2022/11/12
343,Vero Farm,,,2022/11/12
344,Luna-Pad,,,2022/11/12
345,Jungle Road,,,2022/11/12
346,DeFi11,,,2022/11/12
347,Palmare,,,2022/11/12
348,Run For Life,,,2022/11/12
349,Kryptomon,,,2022/11/12
350,The Spartans,,,2022/11/12
351,Vulcano,,,2022/11/12
352,Fistiana,,,2022/11/12
353,Galaxy Adventure,,,2022/11/12
354,XHashtag,,,2022/11/12
355,StarFish OS,,,2022/11/12
356,RIFI United,,,2022/11/12
357,Meta Spatial,,,2022/11/12
358,YAY Games,,,2022/11/12
359,SuperStep,,,2022/11/12
360,Scotty Beam,,,2022/11/12
361,VICMOVE,,,2022/11/12
362,PolkaFantasy,,,2022/11/12
363,Bad Days | Marvelous NFTs,,,2022/11/12
364,SpaceY 2025,,,2022/11/12
365,DeHorizon,MetaGaming Guild,41,2022/11/12
365,DeHorizon,Yield Guild Games,41,2022/11/12
365,DeHorizon,UniX Gaming,36,2022/11/12
365,DeHorizon,PathDAO,39,2022/11/12
366,Karmaverse,Earn Guild,68,2022/11/12
366,Karmaverse,Good Games Guild,77,2022/11/12
366,Karmaverse,Avocado DAO,33,2022/11/12
366,Karmaverse,PathDAO,39,2022/11/12
366,Karmaverse,YGG Sea,40,2022/11/12
367,Adroverse,,,2022/11/12
368,GamesPad,YGG Sea,40,2022/11/12
369,Vmates,,,2022/11/12
370,Oren Game,,,2022/11/12
371,Manarium,,,2022/11/12
372,Bit Hotel,Blockchain Space,36,2022/11/12
373,Vero Farm,,,2022/11/12
374,Luna-Pad,,,2022/11/12
375,Jungle Road,,,2022/11/12
376,DeFi11,,,2022/11/12
377,Palmare,,,2022/11/12
378,Run For Life,,,2022/11/12
379,Kryptomon,,,2022/11/12
380,Starpad,,,2022/11/12
381,H3RO3S,,,2022/11/12
382,Gadget War,,,2022/11/12
383,Street Runner,,,2022/11/12
384,Infinite Arcade TIC,,,2022/11/12
385,TapMe,,,2022/11/12
386,Yarloo,,,2022/11/12
387,Astra Guild Ventures,,,2022/11/12
388,TribeLand,,,2022/11/12
389,The Spartans,,,2022/11/12
390,GameStation,,,2022/11/12
391,Invoker,,,2022/11/12
392,NFT Champions,,,2022/11/12
393,Vodka Token,,,2022/11/12
394,The Realm Defenders,,,2022/11/12
395,Crane Miners,,,2022/11/12
396,Cryptoverse,,,2022/11/12
397,SHEEBA,,,2022/11/12
398,Rune Shards,,,2022/11/12
399,Tribalpunk Cryptoverse,,,2022/11/12
400,Avania,,,2022/11/12
401,Metan Evolutions,,,2022/11/12
402,Kyberdyne,,,2022/11/12
403,GemUni,,,2022/11/12
404,DAMA,,,2022/11/12
405,Dracoo Master,Earn Guild,68,2022/11/12
405,Dracoo Master,Hooga Gaming,10,2022/11/12
405,Dracoo Master,Blockchain Space,36,2022/11/12
405,Dracoo Master,YGG Sea,40,2022/11/12
406,Defina,,,2022/11/12
407,WIZARD,,,2022/11/12
408,Knight War,,,2022/11/12
409,Cryptoblades Kingdoms,,,2022/11/12
410,Basketballverse,MetaGaming Guild,41,2022/11/12
411,Avania,,,2022/11/12
412,Tribalpunk Cryptoverse,,,2022/11/12
413,OneTo11,,,2022/11/12
414,Crane Miners,,,2022/11/12
415,Rune Shards,,,2022/11/12
416,SHEEBA,,,2022/11/12
417,Cryptoverse,,,2022/11/12
418,MetaChess,,,2022/11/12
419,Ashward,,,2022/11/12
420,Dark Land Survival,,,2022/11/12
421,Pagan Gods,,,2022/11/12
422,Supernova,,,2022/11/12
423,Atlantis Metaverse,,,2022/11/12
424,Starly,,,2022/11/12
425,Heres,,,2022/11/12
426,Spintop,,,2022/11/12
427,The Dynasty,,,2022/11/12
428,Arata,,,2022/11/12
429,MetaBomb,,,2022/11/12
430,Monsters Clan,,,2022/11/12
431,MedaBots,,,2022/11/12
432,Endless Battlefield,PathDAO,39,2022/11/12
433,EvoVerses,,,2022/11/12
434,Ethlas,Blockchain Space,36,2022/11/12
434,Ethlas,Play It Forward DAO,25,2022/11/12
435,VisionGame,,,2022/11/12
436,Wizardia,MetaGaming Guild,41,2022/11/12
437,CryptoSnake,,,2022/11/12
438,Pirate X Pirate,MetaGaming Guild,41,2022/11/12
439,Nintia Estate,,,2022/11/12
440,Synesis One,Yield Guild Games,41,2022/11/12
441,CrimeCash,,,2022/11/12
442,Galactic Arena: The NFTverse,,,2022/11/12
443,Cryptia,,,2022/11/12
444,Stay In Destiny World,,,2022/11/12
445,Fishy Tank,,,2022/11/12
446,Arenum,Good Games Guild,77,2022/11/12
447,MetagamZ,,,2022/11/12
448,SUPA Foundation,,,2022/11/12
449,Project Quantum,,,2022/11/12
450,Deesse,YGG Sea,40,2022/11/12
451,Cryptoids Game Coin,,,2022/11/12
452,Mimir Quiz,,,2022/11/12
453,GoldMiner,,,2022/11/12
454,Crypto Gangsters,,,2022/11/12
455,Prometheus,Blockchain Space,36,2022/11/12
456,ASPO World,,,2022/11/12
457,MELI,,,2022/11/12
458,Metafish,,,2022/11/12
459,CryptoVsZombie,Good Games Guild,77,2022/11/12
460,Zodiacs,,,2022/11/12
461,Space Falcon,Good Games Guild,77,2022/11/12
462,DragonMaster,IndiGG,28,2022/11/12
463,Hero Arena,Good Games Guild,77,2022/11/12
463,Hero Arena,PathDAO,39,2022/11/12
464,EpicHero,,,2022/11/12
465,The Wasted Lands,MetaGaming Guild,41,2022/11/12
465,The Wasted Lands,Good Games Guild,77,2022/11/12
465,The Wasted Lands,Avocado DAO,33,2022/11/12
465,The Wasted Lands,YGG Sea,40,2022/11/12
466,Devolution,,,2022/11/12
467,Moonsta's Revenge,,,2022/11/12
468,Plant Empires,,,2022/11/12
469,Ancient Kingdom,Good Games Guild,77,2022/11/12
469,Ancient Kingdom,Earn Guild,68,2022/11/12
470,Hydraverse,Earn Guild,68,2022/11/12
470,Hydraverse,PathDAO,39,2022/11/12
471,Equilibrium Games,,,2022/11/12
472,ETHEKing,,,2022/11/12
473,GUZZLER,,,2022/11/12
474,Hanzo,,,2022/11/12
475,Legends Of Mitra,Good Games Guild,77,2022/11/12
476,Space Crypto,Bayz,31,2022/11/12
477,Solice,,,2022/11/12
478,Ertha,,,2022/11/12
479,Rainmaker Games,,,2022/11/12
480,Lucky Lion,,,2022/11/12
481,VOID,,,2022/11/12
482,Metabolic,,,2022/11/12
483,YooShi,,,2022/11/12
484,StarMon Metaverse,Bayz,31,2022/11/12
485,Bunicorn,,,2022/11/12
486,Geopoly,PathDAO,39,2022/11/12
487,Metania Games,,,2022/11/12
488,Militia Games,,,2022/11/12
489,Continuum World,,,2022/11/12
490,RXC Games,,,2022/11/12
491,Purpose,,,2022/11/12
492,BinaHero,,,2022/11/12
493,Tank Battle,,,2022/11/12
494,Lucid Lands,,,2022/11/12
495,Pocoland,,,2022/11/12
496,StarMiner,,,2022/11/12
497,Kaiju Worlds,,,2022/11/12
498,BetFury,,,2022/11/12
499,Doom Hero Dao,,,2022/11/12
500,Tiny World,,,2022/11/12
501,Space Crypto,Bayz,31,2022/11/12
502,Legends Of Mitra,Good Games Guild,77,2022/11/12
503,Hanzo,,,2022/11/12
504,GUZZLER,,,2022/11/12
505,ETHEKing,,,2022/11/12
506,Equilibrium Games,,,2022/11/12
507,Hydraverse,Earn Guild,68,2022/11/12
507,Hydraverse,PathDAO,39,2022/11/12
508,Ancient Kingdom,Good Games Guild,77,2022/11/12
508,Ancient Kingdom,Earn Guild,68,2022/11/12
509,Plant Empires,,,2022/11/12
510,Moonsta's Revenge,,,2022/11/12
511,Devolution,,,2022/11/12
512,The Wasted Lands,MetaGaming Guild,41,2022/11/12
512,The Wasted Lands,Good Games Guild,77,2022/11/12
512,The Wasted Lands,Avocado DAO,33,2022/11/12
512,The Wasted Lands,YGG Sea,40,2022/11/12
513,EpicHero,,,2022/11/12
514,Hero Arena,Good Games Guild,77,2022/11/12
514,Hero Arena,PathDAO,39,2022/11/12
515,DragonMaster,IndiGG,28,2022/11/12
516,Space Falcon,Good Games Guild,77,2022/11/12
517,Zodiacs,,,2022/11/12
518,CryptoVsZombie,Good Games Guild,77,2022/11/12
519,Metafish,,,2022/11/12
520,MELI,,,2022/11/12
521,ASPO World,,,2022/11/12
522,GemGuardian,,,2022/11/12
523,HowlCity,,,2022/11/12
524,Chumbi Valley,Bayz,31,2022/11/12
525,WonderHero,MetaGaming Guild,41,2022/11/12
525,WonderHero,GuildFi,25,2022/11/12
525,WonderHero,Good Games Guild,77,2022/11/12
525,WonderHero,Merit Circle,34,2022/11/12
525,WonderHero,Blockchain Space,36,2022/11/12
525,WonderHero,IndiGG,28,2022/11/12
525,WonderHero,YGG Sea,40,2022/11/12
526,Bemil,,,2022/11/12
527,Planet Sandbox,Earn Guild,68,2022/11/12
528,Mech Master,Avocado DAO,33,2022/11/12
529,Space Sip,,,2022/11/12
530,Duelist King,Good Games Guild,77,2022/11/12
530,Duelist King,Blockchain Space,36,2022/11/12
531,Joystick,,,2022/11/12
532,Titan Hunters,Good Games Guild,77,2022/11/12
533,The Monopolist,Good Games Guild,77,2022/11/12
534,Cryowar,,,2022/11/12
535,Elemon,Bayz,31,2022/11/12
536,CyBall,Cosmic Guild,15,2022/11/12
536,CyBall,GuildFi,25,2022/11/12
536,CyBall,Good Games Guild,77,2022/11/12
536,CyBall,Yield Guild Games,41,2022/11/12
536,CyBall,Merit Circle,34,2022/11/12
536,CyBall,Hooga Gaming,10,2022/11/12
536,CyBall,UniX Gaming,36,2022/11/12
536,CyBall,Blockchain Space,36,2022/11/12
536,CyBall,Avocado DAO,33,2022/11/12
536,CyBall,Ancient8,15,2022/11/12
536,CyBall,Play It Forward DAO,25,2022/11/12
536,CyBall,IndiGG,28,2022/11/12
536,CyBall,Blackpool,17,2022/11/12
537,X World Games,,,2022/11/12
538,Kingdom Karnage,,,2022/11/12
539,DeFi Degen Land,,,2022/11/12
540,SENSO,,,2022/11/12
541,Cappasity,,,2022/11/12
542,CryptoBay,,,2022/11/12
543,Zoo - Crypto World,,,2022/11/12
544,CryptoMines,,,2022/11/12
545,Cyber Dragon (BinaryX),,,2022/11/12
546,DeHero,,,2022/11/12
547,DungeonSwap,,,2022/11/12
548,Knightlands,,,2022/11/12
549,Blockchain Cuties Universe,,,2022/11/12
550,Binemon,,,2022/11/12
551,StarMon Metaverse,Bayz,31,2022/11/12
552,Bunicorn,,,2022/11/12
553,Geopoly,PathDAO,39,2022/11/12
554,Metania Games,,,2022/11/12
555,Militia Games,,,2022/11/12
556,Prometheus,Blockchain Space,36,2022/11/12
557,Diviner Protocol,,,2022/11/12
558,ECIO Space,Earn Guild,68,2022/11/12
558,ECIO Space,Good Games Guild,77,2022/11/12
559,MetaGear,Earn Guild,68,2022/11/12
559,MetaGear,Play It Forward DAO,25,2022/11/12
560,Universe Island,Good Games Guild,77,2022/11/12
561,Cowboy Snake,,,2022/11/12
562,MetaRacers,,,2022/11/12
563,Piratera,,,2022/11/12
564,StarSharks,UniX Gaming,36,2022/11/12
564,StarSharks,YGG Sea,40,2022/11/12
565,Hero Battle,,,2022/11/12
566,BNB HEROES,,,2022/11/12
567,Dinoland,,,2022/11/12
568,HashLand - Hash Warfare,,,2022/11/12
569,Angels Creed,MetaGaming Guild,41,2022/11/12
570,Dragon Mainland,,,2022/11/12
571,RoArts,,,2022/11/12
572,Oly Sport,,,2022/11/12
573,RXC Games,,,2022/11/12
574,Purpose,,,2022/11/12
575,BinaHero,,,2022/11/12
576,Tank Battle,,,2022/11/12
577,Lucid Lands,,,2022/11/12
578,Pocoland,,,2022/11/12
579,StarMiner,,,2022/11/12
580,Kaiju Worlds,,,2022/11/12
581,Continuum World,,,2022/11/12
582,Monster Of God,Earn Guild,68,2022/11/12
583,Yo Hero,,,2022/11/12
584,MaticVerse,,,2022/11/12
585,Tiny World,,,2022/11/12
586,Doom Hero Dao,,,2022/11/12
587,BetFury,,,2022/11/12
588,Heroes Chained,Good Games Guild,77,2022/11/12
588,Heroes Chained,Avocado DAO,33,2022/11/12
589,Era7: Game Of Truth,Good Games Guild,77,2022/11/12
590,IslandSwap,,,2022/11/12
591,YU-GI-KING,,,2022/11/12
592,Kryxivia,IndiGG,28,2022/11/12
593,MetaSpets,,,2022/11/12
594,Towersmash,,,2022/11/12
595,Orakler,,,2022/11/12
596,Pirates World,,,2022/11/12
597,Uninterest Unicorns,,,2022/11/12
598,Ludena Protocol,,,2022/11/12
599,Bloktopia,,,2022/11/12
600,Rise Hero,,,2022/11/12
601,Duckie Land,Play It Forward DAO,25,2022/11/12
602,Animalia,,,2022/11/12
603,Tap Fantasy,Good Games Guild,77,2022/11/12
603,Tap Fantasy,YGG Sea,40,2022/11/12
604,MetaKeeper,,,2022/11/12
605,Hat Swap City,,,2022/11/12
606,Plebe Gaming,,,2022/11/12
607,IslandSwap,,,2022/11/12
608,YU-GI-KING,,,2022/11/12
609,Kryxivia,IndiGG,28,2022/11/12
610,MetaSpets,,,2022/11/12
611,Towersmash,,,2022/11/12
612,Orakler,,,2022/11/12
613,Pirates World,,,2022/11/12
614,Uninterest Unicorns,,,2022/11/12
615,Era7: Game Of Truth,Good Games Guild,77,2022/11/12
616,MetaCelo,,,2022/11/12
617,CrazyMiner,,,2022/11/12
618,Land Of Conquest SLG,,,2022/11/12
619,Rise Hero,,,2022/11/12
620,Bloktopia,,,2022/11/12
621,Ludena Protocol,,,2022/11/12
622,NFT11,,,2022/11/12
623,Yaki Gold,,,2022/11/12
624,MekaMiners,,,2022/11/12
625,PlaceWar,MetaGaming Guild,41,2022/11/12
626,FishCrypto,,,2022/11/12
627,Crypto Soccer,,,2022/11/12
628,Moon Nation Game,,,2022/11/12
629,Gods And Legends,,,2022/11/12
630,FarmPoly,,,2022/11/12
631,Green Meta,,,2022/11/12
632,Cosmic Universe,,,2022/11/12
633,Pancake Games,,,2022/11/12
634,SquishiVerse,,,2022/11/12
635,Zagent,,,2022/11/12
636,Step Hero Soul,,,2022/11/12
637,Gaming Stars,,,2022/11/12
638,Small Fish Cookie,,,2022/11/12
639,Step,,,2022/11/12
640,Baby Pokemoon,,,2022/11/12
641,DeFi Land Gold,,,2022/11/12
642,Zomfi,,,2022/11/12
643,Hoppers Game,,,2022/11/12
644,Billionaire Plus,,,2022/11/12
645,TopFlower,,,2022/11/12
646,CryptoHorse,,,2022/11/12
647,Doom Hero,,,2022/11/12
648,Highstreet,,,2022/11/12
649,Business Age Of Empires,,,2022/11/12
650,Monster Valley,,,2022/11/12
651,Green Beli,,,2022/11/12
652,Lucky Farm,,,2022/11/12
653,Binamars,,,2022/11/12
654,Age Of Tanks,MetaGaming Guild,41,2022/11/12
654,Age Of Tanks,Good Games Guild,77,2022/11/12
654,Age Of Tanks,PathDAO,39,2022/11/12
655,Xpansion,,,2022/11/12
656,Crypto Unicorns,Yield Guild Games,41,2022/11/12
656,Crypto Unicorns,PathDAO,39,2022/11/12
656,Crypto Unicorns,IndiGG,28,2022/11/12
656,Crypto Unicorns,YGG Sea,40,2022/11/12
656,Crypto Unicorns,Loot Squad,7,2022/11/12
657,Tank Wars Zone,MetaGaming Guild,41,2022/11/12
657,Tank Wars Zone,Play It Forward DAO,25,2022/11/12
658,Spaceship War,,,2022/11/12
659,CryptoShips,,,2022/11/12
660,XDrake,,,2022/11/12
661,CryptoBattles,,,2022/11/12
662,Hero Cat,,,2022/11/12
663,Riot Racers,,,2022/11/12
664,Exobots,,,2022/11/12
665,FisherVsPirate,,,2022/11/12
666,Corgi Game,,,2022/11/12
667,Pomerun,,,2022/11/12
668,BattleVerse,,,2022/11/12
669,ShoeFy,,,2022/11/12
670,Cardio,,,2022/11/12
671,Samurai Doge,,,2022/11/12
672,Dragon Verse,,,2022/11/12
673,Mines Of Dalarnia,Salad Ventures,10,2022/11/12
674,Light Year,,,2022/11/12
675,Age Of Gods,,,2022/11/12
676,Galaxy War,,,2022/11/12
677,Astro Verse,,,2022/11/12
678,Battle Of Guardians,Good Games Guild,77,2022/11/12
679,HeroVerse,,,2022/11/12
680,Tales Of Chain,,,2022/11/12
681,SOUNI ,Good Games Guild,77,2022/11/12
681,SOUNI ,Earn Guild,68,2022/11/12
682,Meta Galaxy,,,2022/11/12
683,Chimeras,,,2022/11/12
684,CryptoTanks,Earn Guild,68,2022/11/12
685,Dogeon,,,2022/11/12
686,Dot Arcade,,,2022/11/12
687,Domi Online,Blockchain Space,36,2022/11/12
688,Starchi,,,2022/11/12
689,Metaxy,,,2022/11/12
690,Himo World,,,2022/11/12
691,Gallant,,,2022/11/12
692,Chain Colosseum,,,2022/11/12
693,ShibaGalaxy,,,2022/11/12
694,Magic Elpis Gem,,,2022/11/12
695,Hyper Run,,,2022/11/12
696,LoserChick,,,2022/11/12
697,CryptoGuards,,,2022/11/12
698,Crypto Sword,,,2022/11/12
699,Coinracer,,,2022/11/12
700,Magic Beasties,,,2022/11/12
701,Galaxy Adventure,,,2022/11/12
702,Fistiana,,,2022/11/12
703,Vulcano,,,2022/11/12
704,Naga Kingdom,,,2022/11/12
705,Runner Land,,,2022/11/12
706,StonkLeague,,,2022/11/12
707,BaconDAO,,,2022/11/12
708,MetaSnooker,,,2022/11/12
709,Lumos Metaverse,,,2022/11/12
710,CheersLand,,,2022/11/12
711,Cryptohub,,,2022/11/12
712,Metaverse Box Game,,,2022/11/12
713,MUD Guild Game,,,2022/11/12
714,Medamon,,,2022/11/12
715,Cricket Star Manager,,,2022/11/12
716,Joystick Games,,,2022/11/12
717,BunnyVerse,,,2022/11/12
718,Superpower Squad,,,2022/11/12
719,Wing Of Misadventure,,,2022/11/12
720,Politic Wars,,,2022/11/12
721,CLUB,Merit Circle,34,2022/11/12
722,SEED,,,2022/11/12
723,ShinobiVerse,,,2022/11/12
724,GoldenKnights: Metaverse,,,2022/11/12
725,H-Hedz Sharksquad,,,2022/11/12
726,Eternity,,,2022/11/12
727,MOTS Game,,,2022/11/12
728,JunGo,,,2022/11/12
729,MOVN,,,2022/11/12
730,SportE,,,2022/11/12
731,Paradise Tycoon,,,2022/11/12
732,PirateVerse,,,2022/11/12
733,Noft Games,,,2022/11/12
734,Air Ballerz,UniX Gaming,36,2022/11/12
735,MetaOasis,MetaGaming Guild,41,2022/11/12
735,MetaOasis,UniX Gaming,36,2022/11/12
736,BitCraft,,,2022/11/12
737,AngryBNB,,,2022/11/12
738,Earth From Another Sun (EFAS),,,2022/11/12
739,Warrior Viking NFT,,,2022/11/12
740,Crown Chaser,,,2022/11/12
741,Carnage Carnival,,,2022/11/12
742,Battle For Giostone,,,2022/11/12
743,Shiryo,,,2022/11/12
744,Reventon,,,2022/11/12
745,Micro Race League,,,2022/11/12
746,Ultimate Showdown NFT,,,2022/11/12
747,WaxCraft,,,2022/11/12
748,Dark Earth,Earn Guild,68,2022/11/12
749,Evo Surfers,,,2022/11/12
750,Moonsama,,,2022/11/12
751,MENZY,,,2022/11/12
752,Rbicycle,,,2022/11/12
753,GMATRIXS,Merit Circle,34,2022/11/12
754,NFL Rivals,,,2022/11/12
755,TronVerse,,,2022/11/12
756,Gridcraft Network,,,2022/11/12
757,RunBlox,,,2022/11/12
758,The Remnants,,,2022/11/12
759,Moonville Farms,,,2022/11/12
760,WalkN App,,,2022/11/12
761,MOVN,,,2022/11/12
762,SportE,,,2022/11/12
763,Paradise Tycoon,,,2022/11/12
764,PirateVerse,,,2022/11/12
765,Noft Games,,,2022/11/12
766,Air Ballerz,UniX Gaming,36,2022/11/12
767,MetaOasis,MetaGaming Guild,41,2022/11/12
767,MetaOasis,UniX Gaming,36,2022/11/12
768,BitCraft,,,2022/11/12
769,AngryBNB,,,2022/11/12
770,Earth From Another Sun (EFAS),,,2022/11/12
771,Warrior Viking NFT,,,2022/11/12
772,Crown Chaser,,,2022/11/12
773,Carnage Carnival,,,2022/11/12
774,Battle For Giostone,,,2022/11/12
775,Shiryo,,,2022/11/12
776,JunGo,,,2022/11/12
777,BearEx,,,2022/11/12
778,Era Spheres,,,2022/11/12
779,CryptoVillages,,,2022/11/12
780,Aether Games,,,2022/11/12
781,Soulbound,,,2022/11/12
782,G-2069,,,2022/11/12
783,Realm NFT,,,2022/11/12
784,Moonsama,,,2022/11/12
785,Micro Race League,,,2022/11/12
786,Ultimate Showdown NFT,,,2022/11/12
787,WaxCraft,,,2022/11/12
788,Reventon,,,2022/11/12
789,Fishing Lands,,,2022/11/12
790,Dark Earth,Earn Guild,68,2022/11/12
791,Evo Surfers,,,2022/11/12
792,Yolee Universe,,,2022/11/12
793,HunnyPlay,,,2022/11/12
794,Brawl Tales,,,2022/11/12
795,Ancient Society,,,2022/11/12
796,Nifty Ville,,,2022/11/12
797,Mayors,UniX Gaming,36,2022/11/12
798,Annihilation,,,2022/11/12
799,Worlds Of Dr. Hems,,,2022/11/12
800,LadderCaster,,,2022/11/12
801,MCity,,,2022/11/12
802,Music Mogul,,,2022/11/12
803,Walk Dogs,,,2022/11/12
804,MetaDOS,,,2022/11/12
805,FantaVerse,,,2022/11/12
806,Planetarium Labs,,,2022/11/12
807,Klang Games,,,2022/11/12
808,Wildcard,,,2022/11/12
809,HunnyPlay,,,2022/11/12
810,Brawl Tales,,,2022/11/12
811,Ancient Society,,,2022/11/12
812,Nifty Ville,,,2022/11/12
813,Mayors,UniX Gaming,36,2022/11/12
814,Annihilation,,,2022/11/12
815,Worlds Of Dr. Hems,,,2022/11/12
816,Yolee Universe,,,2022/11/12
817,Crypto Gladiator,,,2022/11/12
818,CryptoPets,Blackpool,17,2022/11/12
819,Solarbots,Yield Guild Games,41,2022/11/12
819,Solarbots,Loot Squad,7,2022/11/12
820,StarCrazy,,,2022/11/12
821,Adanimals,UniX Gaming,36,2022/11/12
822,LadderCaster,,,2022/11/12
823,FITN,,,2022/11/12
824,EyesFi,,,2022/11/12
825,Uldor,,,2022/11/12
826,RavenQuest,YGG Sea,40,2022/11/12
827,MetaFi,MetaGaming Guild,41,2022/11/12
828,MetaPopit,,,2022/11/12
829,TopGoal,,,2022/11/12
830,The Beacon,,,2022/11/12
831,MetaMerge,,,2022/11/12
832,My Universe,,,2022/11/12
833,Mines Conquest,,,2022/11/12
834,MetaOne,,,2022/11/12
835,The Lords Of Light,Merit Circle,34,2022/11/12
836,Bikearn,,,2022/11/12
837,Mimir,,,2022/11/12
838,Haunted Space,,,2022/11/12
839,Antmons,Earn Guild,68,2022/11/12
840,Outlanders,,,2022/11/12
841,Cyber Rabbit,,,2022/11/12
842,Racing Social Club,,,2022/11/12
843,Gods Of Asgard,,,2022/11/12
844,ROONIVERSE,YGG Sea,40,2022/11/12
845,WhelpS,,,2022/11/12
846,Krabots,,,2022/11/12
847,Legends Of Lairds,,,2022/11/12
848,NoVa Battles,,,2022/11/12
849,Logix Championship,,,2022/11/12
850,Ninokuni,GuildFi,25,2022/11/12
851,Nifty Island,,,2022/11/12
852,Cradles,UniX Gaming,36,2022/11/12
852,Cradles,PathDAO,39,2022/11/12
852,Cradles,Play It Forward DAO,25,2022/11/12
853,Time Raiders,,,2022/11/12
854,Blockchain Brawlers,,,2022/11/12
855,SharkRace Club,,,2022/11/12
856,DoRac,,,2022/11/12
857,Dark Forest,,,2022/11/12
858,Castle Defense,,,2022/11/12
859,Moonray,,,2022/11/12
860,Nomad Exile,,,2022/11/12
861,Champions: Ascension,,,2022/11/12
862,World Of Cryptoids,Bayz,31,2022/11/12
863,BYOPills,,,2022/11/12
864,Pethereum,,,2022/11/12
865,Nekoverse,Ancient8,15,2022/11/12
866,Habbo,,,2022/11/12
867,Dogamí,,,2022/11/12
868,The Red Village,,,2022/11/12
869,Ascenders,GuildFi,25,2022/11/12
869,Ascenders,Merit Circle,34,2022/11/12
869,Ascenders,Avocado DAO,33,2022/11/12
870,Metawana,,,2022/11/12
871,Farcana,,,2022/11/12
872,Chronofi,,,2022/11/12
873,Empire Warriors,,,2022/11/12
874,Rude Golems,,,2022/11/12
875,MetalCore,Yield Guild Games,41,2022/11/12
875,MetalCore,Merit Circle,34,2022/11/12
875,MetalCore,Perion,9,2022/11/12
875,MetalCore,Avocado DAO,33,2022/11/12
875,MetalCore,YGG Sea,40,2022/11/12
875,MetalCore,IndiGG,28,2022/11/12
876,Skygard,,,2022/11/12
877,Psyker,,,2022/11/12
878,Crypto Mayhem,,,2022/11/12
879,Shrapnel,Yield Guild Games,41,2022/11/12
879,Shrapnel,UniX Gaming,36,2022/11/12
879,Shrapnel,Perion,9,2022/11/12
879,Shrapnel,Earn Guild,68,2022/11/12
879,Shrapnel,GuildFi,25,2022/11/12
880,Legends Of Elumia,GuildFi,25,2022/11/12
880,Legends Of Elumia,Good Games Guild,77,2022/11/12
880,Legends Of Elumia,UniX Gaming,36,2022/11/12
880,Legends Of Elumia,Ancient8,15,2022/11/12
880,Legends Of Elumia,PathDAO,39,2022/11/12
880,Legends Of Elumia,Earn Guild,68,2022/11/12
881,Taroverse,,,2022/11/12
882,Creo Engine,Earn Guild,68,2022/11/12
883,Ultiverse,GuildFi,25,2022/11/12
883,Ultiverse,PathDAO,39,2022/11/12
884,Sugar Realm,,,2022/11/12
885,Koala Koalition,,,2022/11/12
886,Pixel Invaderz,,,2022/11/12
887,Foxtopia,,,2022/11/12
888,Seoul Stars,,,2022/11/12
889,Cyber City,,,2022/11/12
890,MetaYoka,,,2022/11/12
891,Penguin Karts,,,2022/11/12
892,AFAR,Merit Circle,34,2022/11/12
893,Wrath Of Conquerors: Hegemony,,,2022/11/12
894,Plutonians DAO,,,2022/11/12
895,NFT4Play,,,2022/11/12
896,Valhalla | Floki Inu,,,2022/11/12
897,The Lost Throne,,,2022/11/12
898,Heroes Of NFT,,,2022/11/12
899,Midoland,,,2022/11/12
900,Realms Of Ethernity,,,2022/11/12
901,Gladian,,,2022/11/12
902,Memoverse,Good Games Guild,77,2022/11/12
903,Chibi Clash,MetaGaming Guild,41,2022/11/12
903,Chibi Clash,Blackpool,17,2022/11/12
904,Avarik Saga,Good Games Guild,77,2022/11/12
904,Avarik Saga,PathDAO,39,2022/11/12
904,Avarik Saga,Play It Forward DAO,25,2022/11/12
904,Avarik Saga,IndiGG,28,2022/11/12
904,Avarik Saga,YGG Sea,40,2022/11/12
905,Eggsplorer,,,2022/11/12
906,Mech.Game,,,2022/11/12
907,Rogue West,,,2022/11/12
908,VikingsChain,,,2022/11/12
909,World Of Cryptia,,,2022/11/12
910,PolkaPets,,,2022/11/12
911,Sinverse,,,2022/11/12
912,Legends Of Crypto,Earn Guild,68,2022/11/12
913,MetaArcade,,,2022/11/12
914,HIREX: Chronicles,,,2022/11/12
915,Crypto Monkeys,,,2022/11/12
916,Crypto Golf Impact,,,2022/11/12
917,Golden Bros,,,2022/11/12
918,Pandora,,,2022/11/12
919,ProtoReality Games,,,2022/11/12
920,Hoglympics,,,2022/11/12
921,BR1 Infinite,,,2022/11/12
922,DeVerse,,,2022/11/12
923,Hunterverse,,,2022/11/12
924,Vulcan Verse,Merit Circle,34,2022/11/12
925,Puzzle Royale,Good Games Guild,77,2022/11/12
925,Puzzle Royale,Avocado DAO,33,2022/11/12
925,Puzzle Royale,Ancient8,15,2022/11/12
926,Sorare,Blackpool,17,2022/11/12
927,Inferno,GuildFi,25,2022/11/12
927,Inferno,Blockchain Space,36,2022/11/12
928,Ignite Tournaments,Yield Guild Games,41,2022/11/12
928,Ignite Tournaments,Bayz,31,2022/11/12
929,MixMob,Merit Circle,34,2022/11/12
929,MixMob,Avocado DAO,33,2022/11/12
929,MixMob,YGG Sea,40,2022/11/12
930,Footium,Merit Circle,34,2022/11/12
930,Footium,Blackpool,17,2022/11/12
931,Eizper Chain,Good Games Guild,77,2022/11/12
931,Eizper Chain,Avocado DAO,33,2022/11/12
931,Eizper Chain,Play It Forward DAO,25,2022/11/12
932,DROPP,GuildFi,25,2022/11/12
932,DROPP,Avocado DAO,33,2022/11/12
933,War Riders,Yield Guild Games,41,2022/11/12
934,Winter In Nebreagarth,,,2022/11/12
935,Battleship,,,2022/11/12
936,InuWars,,,2022/11/12
937,Kardomance,,,2022/11/12
938,Pepper Attack,,,2022/11/12
939,Summoner,,,2022/11/12
940,Troverse,,,2022/11/12
941,Summoners War: Lost Centuria,,,2022/11/12
942,The Infungibles,,,2022/11/12
943,BitBrawl,,,2022/11/12
944,Cyber Ape Age,,,2022/11/12
945,CatchKing,,,2022/11/12
946,Flappyz,,,2022/11/12
947,The Suites,,,2022/11/12
948,SOVANA,,,2022/11/12
949,Aiternate,,,2022/11/12
950,Galactic Fight League,,,2022/11/12
951,Goblin Metaverse,,,2022/11/12
952,ARxolotl,,,2022/11/12
953,Alpha Gorillas,,,2022/11/12
954,Toyoverse,,,2022/11/12
955,GalaXY Kats,YGG Sea,40,2022/11/12
956,Dappie Gang,YGG Sea,40,2022/11/12
957,MetaDerby,MetaGaming Guild,41,2022/11/12
957,MetaDerby,IndiGG,28,2022/11/12
958,The Fabled,Good Games Guild,77,2022/11/12
959,DEFY,Play It Forward DAO,25,2022/11/12
960,Apeiron,GuildFi,25,2022/11/12
960,Apeiron,Ancient8,15,2022/11/12
960,Apeiron,Play It Forward DAO,25,2022/11/12
960,Apeiron,SNACKCLUB,8,2022/11/12
961,Bobos Of War,,,2022/11/12
962,Chillchat,Ancient8,15,2022/11/12
963,GameUp,,,2022/11/12
964,Kingdom Raids,MetaGaming Guild,41,2022/11/12
964,Kingdom Raids,PathDAO,39,2022/11/12
964,Kingdom Raids,Earn Guild,68,2022/11/12
965,Influence,Yield Guild Games,41,2022/11/12
965,Influence,PathDAO,39,2022/11/12
965,Influence,Bayz,31,2022/11/12
965,Influence,Blackpool,17,2022/11/12
966,Blockstars,Merit Circle,34,2022/11/12
967,Entrance,,,2022/11/12
968,JuJu Devils,,,2022/11/12
969,Punch Games,YGG Sea,40,2022/11/12
970,Arcadians,YGG Sea,40,2022/11/12
971,Mollector,,,2022/11/12
972,Oort Digital,,,2022/11/12
973,Desolates Metaverse,,,2022/11/12
974,Stumble Upon Rumble,,,2022/11/12
975,Ghost Guys | By Metaforge,,,2022/11/12
976,MetaHeaven,,,2022/11/12
977,Angelic,UniX Gaming,36,2022/11/12
977,Angelic,Ancient8,15,2022/11/12
977,Angelic,PathDAO,39,2022/11/12
977,Angelic,Play It Forward DAO,25,2022/11/12
977,Angelic,Good Games Guild,77,2022/11/12
978,Undead Blocks,IndiGG,28,2022/11/12
979,METZ,,,2022/11/12
980,Fitmint,,,2022/11/12
981,Donely,,,2022/11/12
982,Aqua Farm,,,2022/11/12
983,The SolaVerse,,,2022/11/12
984,Lost Sailors,,,2022/11/12
985,Knight Of Emperor,,,2022/11/12
986,CraftyFi,,,2022/11/12
987,Metacore,,,2022/11/12
988,Elf Matrix,,,2022/11/12
989,Crypto Klash,,,2022/11/12
990,Pepo Paradise,,,2022/11/12
991,Meka Ape Club,,,2022/11/12
992,The Harvest Game,Blockchain Space,36,2022/11/12
993,Raiders NFT,,,2022/11/12
994,MStation,,,2022/11/12
995,Animverse,,,2022/11/12
996,GEMS - Esports 3.0 Platform,,,2022/11/12
997,Cross The Ages,Earn Guild,68,2022/11/12
998,Pikaster,,,2022/11/12
999,Klay City,,,2022/11/12
1000,Derby Stars,,,2022/11/12
1001,Snake City,,,2022/11/12
1002,Kangaroo Punch Club,,,2022/11/12
1003,Apocalypse,,,2022/11/12
1004,Chain Of Alliance,,,2022/11/12
1005,Medano: Sand City,,,2022/11/12
1006,Game Of Silks,,,2022/11/12
1007,DarkDAO,,,2022/11/12
1008,Dark Empire,,,2022/11/12
1009,Battle Enforcer,Good Games Guild,77,2022/11/12
1010,Power Ball,,,2022/11/12
1011,ElementX,,,2022/11/12
1012,SkatetX,,,2022/11/12
1013,Castle Crush,Yield Guild Games,41,2022/11/12
1013,Castle Crush,PathDAO,39,2022/11/12
1013,Castle Crush,IndiGG,28,2022/11/12
1013,Castle Crush,YGG Sea,40,2022/11/12
1013,Castle Crush,Bayz,31,2022/11/12
1014,The Bazaar,UniX Gaming,36,2022/11/12
1015,GOALS,,,2022/11/12
1016,One World Nation,IndiGG,28,2022/11/12
1017,Solantasy,,,2022/11/12
1018,Force Of Nature,,,2022/11/12
1019,Reign Of Terror,Good Games Guild,77,2022/11/12
1020,EPIC LEAGUE,Earn Guild,68,2022/11/12
1021,Loco,,,2022/11/12
1022,Versus Systems,,,2022/11/12
1023,AlwaysGeeky Games,,,2022/11/12
1024,MetaENGINE,IndiGG,28,2022/11/12
1025,Inworld AI,,,2022/11/12
1026,Web3Games,,,2022/11/12
1027,Worldspark Studios,,,2022/11/12
1028,Fast Break Labs,,,2022/11/12
1029,Gemie,,,2022/11/12
1030,Fanfury,,,2022/11/12
1031,Banger Games,,,2022/11/12
1032,Playible,,,2022/11/12
1033,G4AL,Earn Guild,68,2022/11/12
1033,G4AL,Avocado DAO,33,2022/11/12
1033,G4AL,Blockchain Space,36,2022/11/12
1033,G4AL,YGG Sea,40,2022/11/12
1034,Pixels,,,2022/11/12
1035,Ajuna,,,2022/11/12
1036,Frontera,,,2022/11/12
1037,Carry1st,,,2022/11/12
1038,Digital Entertainment Asset,,,2022/11/12
1039,NCore Games,,,2022/11/12
1040,Planet Mojo,Merit Circle,34,2022/11/12
1040,Planet Mojo,UniX Gaming,36,2022/11/12
1040,Planet Mojo,Avocado DAO,33,2022/11/12
1040,Planet Mojo,PathDAO,39,2022/11/12
1041,Ocean Mollu,,,2022/11/12
1042,Civitas,Yield Guild Games,41,2022/11/12
1042,Civitas,Merit Circle,34,2022/11/12
1043,Zone Of Avoidance,,,2022/11/12
1044,Epic War,,,2022/11/12
1045,Delysium,UniX Gaming,36,2022/11/12
1045,Delysium,Ancient8,15,2022/11/12
1045,Delysium,PathDAO,39,2022/11/12
1045,Delysium,IndiGG,28,2022/11/12
1045,Delysium,YGG Sea,40,2022/11/12
1046,Clash Of Isles,Blockchain Space,36,2022/11/12
1047,The Unfettered,Good Games Guild,77,2022/11/12
1048,Blast Royale,Cosmic Guild,15,2022/11/12
1048,Blast Royale,Merit Circle,34,2022/11/12
1048,Blast Royale,UniX Gaming,36,2022/11/12
1048,Blast Royale,Avocado DAO,33,2022/11/12
1048,Blast Royale,Ancient8,15,2022/11/12
1048,Blast Royale,PathDAO,39,2022/11/12
1048,Blast Royale,IndiGG,28,2022/11/12
1048,Blast Royale,SNACKCLUB,8,2022/11/12
1049,Swoops,,,2022/11/12
1050,ZEPETO,,,2022/11/12
1051,I WORLD,,,2022/11/12
1052,Fan Controlled Football,,,2022/11/12
1053,Overeality,,,2022/11/12
1054,Sportium Fan,,,2022/11/12
1055,Rumble Kong League,,,2022/11/12
1056,AcadArena,,,2022/11/12
1057,Palm NFT Studio,,,2022/11/12
1058,Defiance Games,,,2022/11/12
1059,Blockade Games,,,2022/11/12
1060,GAMA,,,2022/11/12
1061,Polemos,,,2022/11/12
1062,VerseHub,,,2022/11/12
1063,Irreverent Labs,,,2022/11/12
1064,Paladin Pandas,Earn Guild,68,2022/11/12
1065,DigiNation,,,2022/11/12
1066,Rct AI,,,2022/11/12
1067,Core Loop,,,2022/11/12
1068,AI Arena,,,2022/11/12
1069,Hawku,,,2022/11/12
1070,OnChain Studios,,,2022/11/12
1071,Vorto Gaming,,,2022/11/12
1072,Concept Art House,,,2022/11/12
1073,Laguna Games,,,2022/11/12
1074,Eternal,,,2022/11/12
1075,Stardust,,,2022/11/12
1076,Crypto Gaming United,,,2022/11/12
1077,Bling,,,2022/11/12
1078,Award Pool,,,2022/11/12
1079,YOLOrekt,,,2022/11/12
1080,2CrazyNFT,,,2022/11/12
1081,Bright Star Studios,,,2022/11/12
1082,Big Time Studios,,,2022/11/12
1083,Virtue Poker,,,2022/11/12
1084,Aluna,,,2022/11/12
1085,Artie,,,2022/11/12
1086,Gourmet Galaxy,,,2022/11/12
1087,Antler Interactive,,,2022/11/12
1088,Exeedme,,,2022/11/12
1089,Mirror World,PathDAO,39,2022/11/12
1090,Ookeenga,MetaGaming Guild,41,2022/11/12
1090,Ookeenga,Good Games Guild,77,2022/11/12
1090,Ookeenga,PathDAO,39,2022/11/12
1090,Ookeenga,Earn Guild,68,2022/11/12
1091,Bowled.io,IndiGG,28,2022/11/12
1092,Legends Of Venari,Bayz,31,2022/11/12
1092,Legends Of Venari,Loot Squad,7,2022/11/12
1092,Legends Of Venari,SNACKCLUB,8,2022/11/12
1093,All Day,,,2022/11/12
1094,Eternal Dragons,,,2022/11/12
1095,Road To Glory,,,2022/11/12
1096,Ilu Universe,,,2022/11/12
1097,PlayZap,MetaGaming Guild,41,2022/11/12
1098,The Next War,,,2022/11/12
1099,Dwarf Knights,,,2022/11/12
1100,Cardalonia,,,2022/11/12
1101,Aircoins,,,2022/11/12
1102,Virtually Human Studio (ZED RUN),,,2022/11/12
1103,Digital Fitness,,,2022/11/12
1104,Faraway,,,2022/11/12
1105,ArenaX Labs,,,2022/11/12
1106,GoodGhosting,,,2022/11/12
1107,Your Open Metaverse,,,2022/11/12
1108,Colizeum,,,2022/11/12
1109,Game Lounge,,,2022/11/12
1110,Satoshi City,,,2022/11/12
1111,UpOnly,,,2022/11/12
1112,Koi Metaverse,,,2022/11/12
1113,Sin City,,,2022/11/12
1114,OP Games,YGG Sea,40,2022/11/12
1115,ChainGuardians,,,2022/11/12
1116,Candy Cash!,,,2022/11/12
1117,Walken,Yield Guild Games,41,2022/11/12
1117,Walken,PathDAO,39,2022/11/12
1117,Walken,YGG Sea,40,2022/11/12
1118,PUML Better Health,,,2022/11/12
1119,JUMPN,,,2022/11/12
1120,Iotex Monster Go,,,2022/11/12
1121,YetiCoin,,,2022/11/12
1122,Inu Base,,,2022/11/12
1123,PyramiDAO,,,2022/11/12
1124,OLYMPIA,,,2022/11/12
1125,Undra,Merit Circle,34,2022/11/12
1126,EV IO,,,2022/11/12
1127,Crypto Ball Z,,,2022/11/12
1128,Moonshot Voyage,,,2022/11/12
1129,TCG World,,,2022/11/12
1130,Stormrite,,,2022/11/12
1131,TokenLands,,,2022/11/12
1132,Game Of Dragons,,,2022/11/12
1133,SolCraft,,,2022/11/12
1134,Block Royale,,,2022/11/12
1135,VEmpire: The Beginning,,,2022/11/12
1136,Four Gods,,,2022/11/12
1137,Champion Hunters,,,2022/11/12
1138,MetaOps,,,2022/11/12
1139,Crypto Royale,,,2022/11/12
1140,MegaWeapon,Hooga Gaming,10,2022/11/12
1141,Rise Online,,,2022/11/12
1142,Angrymals,,,2022/11/12
1143,Brave Nine,,,2022/11/12
1144,Zombie Guillotine,,,2022/11/12
1145,Chromatic Souls : AFK Raid,,,2022/11/12
1146,Alteration,,,2022/11/12
1147,Vulcan Tower Defense,,,2022/11/12
1148,Adventure DIG,,,2022/11/12
1149,DogeDash,,,2022/11/12
1150,Mining Tycoon,,,2022/11/12
1151,Soccer Manager Elite,,,2022/11/12
1152,Meme Lordz,,,2022/11/12
1153,Lucky Farmer,,,2022/11/12
1154,CryptoCrusades,,,2022/11/12
1155,Immortal Game,,,2022/11/12
1156,Spider Tank,,,2022/11/12
1157,Mirandus,,,2022/11/12
1158,World Eternal Online,,,2022/11/12
1159,Town Crush,,,2022/11/12
1160,JobTribes,,,2022/11/12
1161,Benji Bananas,,,2022/11/12
1162,Blockchain Cuties,,,2022/11/12
1163,Speed Star,,,2022/11/12
1164,Arc8,,,2022/11/12
1165,CryptoPrison,,,2022/11/12
1166,CryptoBots,,,2022/11/12
1167,Kangaroo,,,2022/11/12
1168,MangaMon,,,2022/11/12
1169,My Meta Farm,,,2022/11/12
1170,Million On Mars,,,2022/11/12
1171,Green Rabbit,,,2022/11/12
1172,CryptoFighters Alliance,,,2022/11/12
1173,Puzzles Crusade,,,2022/11/12
1174,Life Beyond,,,2022/11/12
1175,Otherside,,,2022/11/12
1176,StarHeroes,Avocado DAO,33,2022/11/12
1177,BitCastleWar,,,2022/11/12
1178,Artyfact,,,2022/11/12
1179,Rivermen,,,2022/11/12
1180,Chibi Dinos,,,2022/11/12
1181,CanaBoyz,,,2022/11/12
1182,Bit Rivals,,,2022/11/12
1183,Koakuma,,,2022/11/12
1184,Snail Trail,,,2022/11/12
1185,Cryptochi,,,2022/11/12
1186,Project Hive,,,2022/11/12
1187,Mobile Legends,Hooga Gaming,10,2022/11/12
1188,Stella Fantasy,GuildFi,25,2022/11/12
1188,Stella Fantasy,Avocado DAO,33,2022/11/12
1188,Stella Fantasy,PathDAO,39,2022/11/12
1189,Gino's Big Town Chef,Loot Squad,7,2022/11/12
1190,MetaRace,Blockchain Space,36,2022/11/12
1191,СryptoBots,Merit Circle,34,2022/11/12
1192,Urban Racer,Earn Guild,68,2022/11/12
1193,Legend Of Galaxy,,,2022/11/12
1194,Boss Fighters,,,2022/11/12
1195,Gunfire Hero,Bayz,31,2022/11/12
1196,MetaDojo,Good Games Guild,77,2022/11/12
1197,Worker Town,Bayz,31,2022/11/12
1198,Nomadland,,,2022/11/12
1199,Tales Of Ragnarok,Blockchain Space,36,2022/11/12
1200,BreachGG,Earn Guild,68,2022/11/12
1201,BLOCKLORDS,Avocado DAO,33,2022/11/12
1202,Tiny Bones,Blackpool,17,2022/11/12
1203,Wonderman Nation,,,2022/11/12
1204,Supremacy,Earn Guild,68,2022/11/12
1204,Supremacy,Blockchain Space,36,2022/11/12
1205,BattleFly,Blackpool,17,2022/11/12
1206,Fight Legends,,,2022/11/12
1207,Cens World,,,2022/11/12
1208,Wizzare,,,2022/11/12
1209,X Rush,,,2022/11/12
1210,Solana Lamports Poker,,,2022/11/12
1211,The Football Club,,,2022/11/12
1212,Ready Games,,,2022/11/12
1213,Stakes,,,2022/11/12
1214,The Crypt Game,,,2022/11/12
1215,Rage Effect,,,2022/11/12
1216,Warriors Land,,,2022/11/12
1217,MAD Metaverse,,,2022/11/12
1218,WyndBlast,,,2022/11/12
1219,Crypto Metropolis,,,2022/11/12
1220,NFHeroes,,,2022/11/12
1221,Komoverse,,,2022/11/12
1222,The Cheddar Block Games,Earn Guild,68,2022/11/12
1223,IStep,,,2022/11/12
1224,MIR4,Bayz,31,2022/11/12
1224,MIR4,SNACKCLUB,8,2022/11/12
1225,MechaFightClub,,,2022/11/12
1226,Untamed Planet,,,2022/11/12
1227,InfiniGods,,,2022/11/12
1228,The Adventurer's Guild,,,2022/11/12
1229,Drakeball Super,,,2022/11/12
1230,TimeShuffle,Earn Guild,68,2022/11/12
1231,LootRush,,,2022/11/12
1232,Metatheory,,,2022/11/12
1233,Pixel Kings,,,2022/11/12
1234,Tatsumeeko,GuildFi,25,2022/11/12
1234,Tatsumeeko,Yield Guild Games,41,2022/11/12
1235,FreshCut,,,2022/11/12
1236,Azra Games,,,2022/11/12
1237,Ariva Wonderland,,,2022/11/12
1238,Grush Finance,,,2022/11/12
1239,Bloomverse,,,2022/11/12
1240,Project Eluüne,,,2022/11/12
1241,RIO-X,,,2022/11/12
1242,Dragon War Official,,,2022/11/12
1243,Shatterpoint,,,2022/11/12
1244,Space Marvel,Earn Guild,68,2022/11/12
1245,Souls Of Meta,Earn Guild,68,2022/11/12
1246,Aethr World,,,2022/11/12
1247,Double Jump,,,2022/11/12
1248,Generative Dungeon,,,2022/11/12
1249,Definity Legend,,,2022/11/12
1250,Spaceborne,,,2022/11/12
1251,Fragmented Spells,,,2022/11/12
1252,Heroes Of The Land,,,2022/11/12
1253,Shibafriend,,,2022/11/12
1254,Cantina Royale,Good Games Guild,77,2022/11/12
1254,Cantina Royale,PathDAO,39,2022/11/12
1255,Knight Story,,,2022/11/12
1256,MetaRing,,,2022/11/12
1257,Arsenal,,,2022/11/12
1258,NextMoon,,,2022/11/12
1259,Exverse,,,2022/11/12
1260,MeetsMeta,,,2022/11/12
1261,World Of Masters,,,2022/11/12
1262,Cosmic Champs,,,2022/11/12
1263,DuskBreakers,,,2022/11/12
1264,Desert Farm,,,2022/11/12
1265,Monster Racing League,,,2022/11/12
1266,Hyper Walk,,,2022/11/12
1267,Block Warrior,,,2022/11/12
1268,MetaShooter,Earn Guild,68,2022/11/12
1268,MetaShooter,Blockchain Space,36,2022/11/12
1268,MetaShooter,YGG Sea,40,2022/11/12
1269,DeepBlueSea,,,2022/11/12
1270,Legends Of Elysium,,,2022/11/12
1271,Arcane Dream,,,2022/11/12
1272,IMPERIVM,,,2022/11/12
1273,Neon Skies,,,2022/11/12
1274,Potion Seller,,,2022/11/12
1275,HoneyWasp,,,2022/11/12
1276,Flappy Pigeon,,,2022/11/12
1277,Kingdom Clash,,,2022/11/12
1278,WagerGang,,,2022/11/12
1279,Battle Of Sotiras,,,2022/11/12
1280,Let Me Speak,,,2022/11/12
1281,Turtle's Charm,,,2022/11/12
1282,Chaincade,,,2022/11/12
1283,Afterland,,,2022/11/12
1284,Revoland,IndiGG,28,2022/11/12
1285,Moonfrost,,,2022/11/12
1286,Inter The Dungeon,,,2022/11/12
1287,Defenders Of Lunacian Land (DOLL),,,2022/11/12
1288,Axie To The Moon,,,2022/11/12
1289,Hungry Axie,,,2022/11/12
1290,Axieology,,,2022/11/12
1291,Lunacia Cup,,,2022/11/12
1292,Run Axie Run!,,,2022/11/12
1293,AxiePop,,,2022/11/12
1294,Axie Infinity War,,,2022/11/12
1295,Axie Brawl,,,2022/11/12
1296,Mech Infintiy,,,2022/11/12
1297,Across Lunacia,,,2022/11/12
1298,Lokian Monsters,,,2022/11/12
1299,Multigaming Metaverse,,,2022/11/12
1300,Playtrk,,,2022/11/12
1301,Shiryo,,,2022/11/12
1302,Rabona,,,2022/11/12
1303,Dragon Knight,,,2022/11/12
1304,Chimp Fight,,,2022/11/12
1305,Dearymon,,,2022/11/12
1306,PixelDapps,,,2022/11/12
1307,Idle Stoneage,,,2022/11/12
1308,The Last World,,,2022/11/12
1309,Meta Skellies,,,2022/11/12
1310,5TARS,,,2022/11/12
1311,Cloneverse,,,2022/11/12
1312,Skygard Metaverse,,,2022/11/12
1313,Metaline,,,2022/11/12
1314,Any Civilization,,,2022/11/12
1315,0xRacers,,,2022/11/12
1316,DeltaFlare,,,2022/11/12
1317,GYMMOVE,,,2022/11/12
1318,Hamster Game,,,2022/11/12
1319,Pyroblock,,,2022/11/12
1320,Atmos,Avocado DAO,33,2022/11/12
1321,SNKRZ,,,2022/11/12
1322,StepOfDoge,,,2022/11/12
1323,MENZY,,,2022/11/12
1324,Rbicycle,,,2022/11/12
1325,GMATRIXS,Merit Circle,34,2022/11/12
1326,NFL Rivals,,,2022/11/12
1327,TronVerse,,,2022/11/12
1328,Gridcraft Network,,,2022/11/12
1329,RunBlox,,,2022/11/12
1330,The Remnants,,,2022/11/12
1331,Moonville Farms,,,2022/11/12
1332,WalkN App,,,2022/11/12
1333,MOVN,,,2022/11/12
1334,SportE,,,2022/11/12
1335,Paradise Tycoon,,,2022/11/12
1336,PirateVerse,,,2022/11/12
1337,Noft Games,,,2022/11/12
1338,Air Ballerz,UniX Gaming,36,2022/11/12
1339,MetaOasis,MetaGaming Guild,41,2022/11/12
1339,MetaOasis,UniX Gaming,36,2022/11/12
1340,BitCraft,,,2022/11/12
1341,AngryBNB,,,2022/11/12
1342,Earth From Another Sun (EFAS),,,2022/11/12
1343,Warrior Viking NFT,,,2022/11/12
1344,Crown Chaser,,,2022/11/12
1345,Carnage Carnival,,,2022/11/12
1346,Battle For Giostone,,,2022/11/12
1347,Wing Of Misadventure,,,2022/11/12
1348,JunGo,,,2022/11/12
1349,BearEx,,,2022/11/12
1350,Era Spheres,,,2022/11/12
1351,CryptoVillages,,,2022/11/12
1352,Aether Games,,,2022/11/12
1353,Soulbound,,,2022/11/12
1354,G-2069,,,2022/11/12
1355,Realm NFT,,,2022/11/12
1356,Moonsama,,,2022/11/12
1357,Micro Race League,,,2022/11/12
1358,Ultimate Showdown NFT,,,2022/11/12
1359,WaxCraft,,,2022/11/12
1360,Reventon,,,2022/11/12
1361,Fishing Lands,,,2022/11/12
1362,Dark Earth,Earn Guild,68,2022/11/12
1363,Evo Surfers,,,2022/11/12
1364,Brawltales,,,2022/11/12
1365,Uldor,,,2022/11/12
1366,RavenQuest,YGG Sea,40,2022/11/12
1367,MetaFi,MetaGaming Guild,41,2022/11/12
1368,MetaPopit,,,2022/11/12
1369,TopGoal,,,2022/11/12
1370,The Beacon,,,2022/11/12
1371,MetaMerge,,,2022/11/12
1372,My Universe,,,2022/11/12
1373,Mines Conquest,,,2022/11/12
1374,MetaOne,,,2022/11/12
1375,The Lords Of Light,Merit Circle,34,2022/11/12
1376,Bikearn,,,2022/11/12
1377,Mimir,,,2022/11/12
1378,Haunted Space,,,2022/11/12
1379,Antmons,Earn Guild,68,2022/11/12
1380,EyesFi,,,2022/11/12
1381,GUNFIRE AVAX,,,2022/11/12
1382,NoVa Battles,,,2022/11/12
1383,Logix Championship,,,2022/11/12
1384,Ninokuni,GuildFi,25,2022/11/12
1385,ArcadeLand,Earn Guild,68,2022/11/12
1386,SuperVet,,,2022/11/12
1387,Community Gaming,,,2022/11/12
1388,Outlanders,,,2022/11/12
1389,Legends Of Lairds,,,2022/11/12
1390,Krabots,,,2022/11/12
1391,WhelpS,,,2022/11/12
1392,ROONIVERSE,YGG Sea,40,2022/11/12
1393,Gods Of Asgard,,,2022/11/12
1394,Racing Social Club,,,2022/11/12
1395,Cyber Rabbit,,,2022/11/12
1396,Galaxy Survivor,,,2022/11/12
1397,FITN,,,2022/11/12
1398,LadderCaster,,,2022/11/12
1399,Adanimals,UniX Gaming,36,2022/11/12
1400,StarCrazy,,,2022/11/12
1401,Solarbots,Yield Guild Games,41,2022/11/12
1401,Solarbots,Loot Squad,7,2022/11/12
1402,CryptoPets,Blackpool,17,2022/11/12
1403,Crypto Gladiator,,,2022/11/12
1404,Yolee Universe,,,2022/11/12
1405,Worlds Of Dr. Hems,,,2022/11/12
1406,Annihilation,,,2022/11/12
1407,Mayors,UniX Gaming,36,2022/11/12
1408,Nifty Ville,,,2022/11/12
1409,Ancient Society,,,2022/11/12
1410,Brawl Tales,,,2022/11/12
1411,HunnyPlay,,,2022/11/12
1412,Wildcard,,,2022/11/12
1413,Klang Games,,,2022/11/12
1414,Planetarium Labs,,,2022/11/12
1415,FantaVerse,,,2022/11/12
1416,MetaDOS,,,2022/11/12
1417,Walk Dogs,,,2022/11/12
1418,Music Mogul,,,2022/11/12
1419,MCity,,,2022/11/12
1420,War Space,,,2022/11/12
1421,Midgard Saga,,,2022/11/12
1422,Edensol,,,2022/11/12
1423,WinionsArena,,,2022/11/12
1424,Metahorse,,,2022/11/12
1425,Zigazoo,,,2022/11/12
1426,ZombiVerse,,,2022/11/12
1427,PETWARS,,,2022/11/12
1428,Nigma,,,2022/11/12
1429,MOTS Game,,,2022/11/12
1430,Eternity,,,2022/11/12
1431,H-Hedz Sharksquad,,,2022/11/12
1432,GoldenKnights: Metaverse,,,2022/11/12
1433,ShinobiVerse,,,2022/11/12
1434,SEED,,,2022/11/12
1435,CLUB,Merit Circle,34,2022/11/12
1436,Politic Wars,,,2022/11/12
1437,MoveMan,,,2022/11/12
1438,Dustland,,,2022/11/12
1439,YGG Japan,,,2022/11/12
1440,SIU2022,,,2022/11/12
1441,Gambit,,,2022/11/12
1442,WarQube,,,2022/11/12
1443,GUNFIE,,,2022/11/12
1444,PlayPoseidon NFT,,,2022/11/12
1445,Frutti Dino,,,2022/11/12
1446,ANIMO STARS ARENA,,,2022/11/12
1447,Henosis World,,,2022/11/12
1448,Midnight Society,,,2022/11/12
1449,Branch,,,2022/11/12
1450,Lunoverse,,,2022/11/12
1451,Crypto Pirates,,,2022/11/12
1452,PxQuest,,,2022/11/12
1453,Siege Of Mytra,,,2022/11/12
1454,Golden Knights: Metaverse,,,2022/11/12
1455,Origin X,,,2022/11/12
1456,Uncharted,,,2022/11/12
1457,Dolia Cats,,,2022/11/12
1458,Earncraft,,,2022/11/12
1459,MetaWorld,,,2022/11/12
1460,Medieval Empires,Blockchain Space,36,2022/11/12
1461,E4C,Blockchain Space,36,2022/11/12
1462,Valhalla,,,2022/11/12
1463,Glizzy Royale,,,2022/11/12
1464,Playdex,,,2022/11/12
1465,Voyage Finance,,,2022/11/12
1466,Astro Space,,,2022/11/12
1467,Mighty Bear Games,,,2022/11/12
1468,Cryptoys,,,2022/11/12
1469,Cosmos Eleven Game,,,2022/11/12
1470,Soccer Manager Games,,,2022/11/12
1471,Ephere Football,,,2022/11/12
1472,Magicave,,,2022/11/12
1473,ReNFT,,,2022/11/12
1474,Alchemon,,,2022/11/12
1475,Cashemon,,,2022/11/12
1476,Aftermath Islands,,,2022/11/12
1477,Crystals Of Fate,,,2022/11/12
1478,HyperDragons,,,2022/11/12
1479,Crypto Galaxy,,,2022/11/12
1480,I Love Pandonia,,,2022/11/12
1481,SGEMVERSE,,,2022/11/12
1482,WingStep,,,2022/11/12
1483,D.G.Pals,,,2022/11/12
1484,Eyeball Games,,,2022/11/12
1485,Encore Metaverse,,,2022/11/12
1486,Wild Forest,,,2022/11/12
1487,Players’ Lounge,,,2022/11/12
1488,Stadium Live,,,2022/11/12
1489,Ambrus Studio,,,2022/11/12
1490,The New Resistance,,,2022/11/12
1491,Harbor,,,2022/11/12
1492,Modern PUBG,,,2022/11/12
1493,Castle Of Blackwater,,,2022/11/12
1494,SCROOGE JR,,,2022/11/12
1495,The Legend Of Aurum Draconis,,,2022/11/12
1496,Metarrior,,,2022/11/12
1497,Glory Games: Worlds,,,2022/11/12
1498,Trouble Punk,,,2022/11/12
1499,SGEM City,,,2022/11/12
1500,IDLE LUCA,,,2022/11/12
1501,Krypto Fighters,,,2022/11/12
1502,Mesos Story,,,2022/11/12
1503,Moverse,,,2022/11/12
1504,Mine Arena,,,2022/11/12
1505,SleeFi,,,2022/11/12
1506,Mighty Action Heroes,Yield Guild Games,41,2022/11/12
1507,Ragnarok,,,2022/11/12
1508,Pocket Battles: NFT War,,,2022/11/12
1509,Dragonaire,,,2022/11/12
1510,Move Plus,,,2022/11/12
1511,FitR,,,2022/11/12
1512,Overleague,,,2022/11/12
1513,Spacebar,,,2022/11/12
1514,Beyond Earth,,,2022/11/12
1515,Legions & Legends,,,2022/11/12
1516,Wilderness,,,2022/11/12
1517,Super Racer,,,2022/11/12
1518,Osimi City,,,2022/11/12
1519,Halliday,,,2022/11/12
1520,MetaverseGo,,,2022/11/12
1521,LUXON,,,2022/11/12
1522,Planet Quest,,,2022/11/12
1523,Swords Of Blood,,,2022/11/12
1524,ZooRacers,,,2022/11/12
1525,AQUA TANK,,,2022/11/12
1526,Chat And Earn,,,2022/11/12
1527,Rada Quest TCG,,,2022/11/12
1528,Farmer Crypto,,,2022/11/12
1529,Aglet,,,2022/11/12
1530,Soba,,,2022/11/12
1531,Yin Yang Games,,,2022/11/12
1532,Reincarnation,,,2022/11/12
1533,MASD Games,,,2022/11/12
1534,METADOGE,,,2022/11/12
1535,Oasys,Good Games Guild,77,2022/11/12
1536,Doge Solar Metaverse,,,2022/11/12
1537,Regression Games,,,2022/11/12
1538,Murasaki,,,2022/11/12
1539,Anichess,,,2022/11/12
1540,Speed Throne,,,2022/11/12
1541,Pulsar,,,2022/11/12
1542,FreeCity,,,2022/11/12
1543,Glory VR Metaverse,,,2022/11/12
1544,Search For Animera,,,2022/11/12
1545,Bearverse,,,2022/11/12
1546,Bitverse,,,2022/11/12
1547,The Sprawl,,,2022/11/12
1548,MetaForest Game,,,2022/11/12
1549,Deviants' Factions,,,2022/11/12
1550,Space Kill,,,2022/11/12
1551,Cyber Galz,,,2022/11/12
1552,Castle Overlord,,,2022/11/12
1553,Metabirds,,,2022/11/12
1554,Lysto,,,2022/11/12
1555,MatchboxDAO,,,2022/11/12
1556,Calvaria,,,2022/11/12
1557,The Chronicle Of Naga,,,2022/11/12
1558,Gnome Mines,,,2022/11/12
1559,Hesman Legend,,,2022/11/12
1560,Stickman's Battleground,,,2022/11/12
1561,Horizon Land Metaverse,,,2022/11/12
1562,FootEarn,,,2022/11/12
1563,Rage On Wheels,,,2022/11/12
1564,BovineVerse,,,2022/11/12
1565,The Farm Game,,,2022/11/12
1566,Social Games,,,2022/11/12
1567,Warp Game,,,2022/11/12
1568,MARS4,,,2022/11/12
1569,Mystic Treasure,,,2022/11/12
1570,Kami Kaido,,,2022/11/12
1571,Gallium Studios,,,2022/11/12
1572,Bridgeworld,,,2022/11/12
1573,Infinite Battles,,,2022/11/12
1574,Everseed,,,2022/11/12
1575,MetaGuardians,,,2022/11/12
1576,Smol Sharks,,,2022/11/12
1577,YUMON,,,2022/11/12
1578,Rooster Wars,,,2022/11/12
1579,SWEATEMPLE,,,2022/11/12
1580,Battle Drones,,,2022/11/12
1581,N3rdGames,,,2022/11/12
1582,Ready Player Me,,,2022/11/12
1583,Legend Of RPS,,,2022/11/12
1584,Untitled,,,2022/11/12
1585,Honor Lord,,,2022/11/12
1586,KRP,,,2022/11/12
1587,Realms (for Adventurers),,,2022/11/12
1588,Sacred Tails,,,2022/11/12
1589,Yesports,,,2022/11/12
1590,Aniwar - The War Of Animals,,,2022/11/12
1591,The Nemots,,,2022/11/12
1592,BlocKombat,,,2022/11/12
1593,4022: Novatopia,,,2022/11/12
1594,Anomura,,,2022/11/12
1595,Yuliverse,,,2022/11/12
1596,MetaCity Game,,,2022/11/12
1597,War Legends,,,2022/11/12
1598,AMETA,,,2022/11/12
1599,Xterio,,,2022/11/12
1600,Limit Break,,,2022/11/12
1601,CrypCade,,,2022/11/12
1602,Spume,,,2022/11/12
1603,DRIVEZ,,,2022/11/12
1604,Outland Odyssey,,,2022/11/12
1605,Sprocket Games,,,2022/11/12
1606,Nova Rally,,,2022/11/12
1607,Plus Minus Game,,,2022/11/12
1608,MOOW,,,2022/11/12
1609,Internet Game,,,2022/11/12
1610,Pirates Of The Arrland,,,2022/11/12
1611,War Of Ants,,,2022/11/12
1612,Whack The Demon,,,2022/11/12
1613,Forge Arena,,,2022/11/12
1614,Metalands,,,2022/11/12
1615,Panda Paradise,,,2022/11/12
1616,Crazy Treasure,,,2022/11/12
1617,Cyberstella,,,2022/11/12
1618,Fantasy Arena,,,2022/11/12
1619,Merge Cats,,,2022/11/12
1620,Space Heroes,,,2022/11/12
1621,War Of GAMA,,,2022/11/12
1622,RoaoGame,,,2022/11/12
1623,Lord Of Dragons,,,2022/11/12
1624,Coin Pirates,,,2022/11/12
1625,MonsterLand,,,2022/11/12
1626,Metaverse Magna,,,2022/11/12
1627,Gameplay Galaxy,,,2022/11/12
1628,HiFi Gaming Society,Earn Guild,68,2022/11/12
1629,Born To Die Game,Earn Guild,68,2022/11/12
1630,Honeyland,Earn Guild,68,2022/11/12
1631,Galaxy Arena,Earn Guild,68,2022/11/12
1632,Elemental Raiders,Earn Guild,68,2022/11/12
1633,Carv,Avocado DAO,33,2022/11/12
1634,Shiba Eternity,,,2022/11/12
1635,GRIT,,,2022/11/12
1636,Incarnate,,,2022/11/12
1637,Metal War,,,2022/11/12
1638,Guppy Gang,,,2022/11/12
1639,Tribal Books,,,2022/11/12
1640,Pathfinders,,,2022/11/12
1641,Yield Hunt,,,2022/11/12
1642,Arena Of Glory,,,2022/11/12
1643,ChainMyth,,,2022/11/12
1644,Chess.com,,,2022/11/12
1645,EGGRYPTO,,,2022/11/12
1646,Cinder,,,2022/11/12
1647,Revolving Games,,,2022/11/12
1648,Every Farm,,,2022/11/12
1649,SYLTARE,,,2022/11/12
1650,War Of Tribes,,,2022/11/12
1651,Last Expedition,,,2022/11/12
1652,DeepMine,Earn Guild,68,2022/11/12
1653,BlockWorldPVP,,,2022/11/12
1654,Mars Colony,,,2022/11/12
1655,Thirdwave,,,2022/11/12
1656,Dark Country,,,2022/11/12
1657,Super Crypto Kart,,,2022/11/12
1658,Dissolution,,,2022/11/12
1659,Alpha League Racing,,,2022/11/12
1660,Dungeon Universe,,,2022/11/12
1661,Superior,,,2022/11/12
1662,ETHERBOTS,,,2022/11/12
1663,SATVIVAL,,,2022/11/12
1664,2112.run,,,2022/11/12
1665,King Of Planets,,,2022/11/12
1666,Alaska Gold Rush,,,2022/11/12
1667,Morning Moon Village,,,2022/11/12
1668,MetaBoards,,,2022/11/12
1669,THE WONDERQUEST,,,2022/11/12
1670,The Walking Dead Empires,,,2022/11/12
1671,Bezoge,,,2022/11/12
1672,CARdano4SPEED,,,2022/11/12
1673,Dash League,,,2022/11/12
1674,Elementies,,,2022/11/12
1675,PyMons,,,2022/11/12
1676,Chain Clash,,,2022/11/12
1677,Reta Wars,,,2022/11/12
1678,Animal Race,,,2022/11/12
1679,Nifty Wizards,,,2022/11/12
1680,Spirit Clash,,,2022/11/12
1681,Brave Frontier Heroes,,,2022/11/12
1682,Legends Of Aria,,,2022/11/12
1683,Bomberpet,,,2022/11/12
1684,Age Of Zalmoxis,,,2022/11/12
1685,The Noxal,,,2022/11/12
1686,BoomLand,,,2022/11/12
1687,My Candy Coin,,,2022/11/12
1688,Soccer Crypto,,,2022/11/12
1689,AstroMust,,,2022/11/12
1690,Hadean,,,2022/11/12
1691,Theorycraft Games,,,2022/11/12
1692,AQUA,,,2022/11/12
1693,AlterVerse,,,2022/11/12
1694,Horizon,,,2022/11/12
1695,Luxworld,,,2022/11/12
1696,Homa,,,2022/11/12
1697,Tribo,,,2022/11/12
1698,Elyzio,,,2022/11/12
1699,Smash Stars,,,2022/11/12
1700,Quiz3,,,2022/11/12
1701,KeplerHomes,,,2022/11/12
1702,Lamdamoon,,,2022/11/12
1703,Aptos CODM,,,2022/11/12
1704,PLASMAVERSE,,,2022/11/12
1705,F1 Dog,,,2022/11/12
1706,Aptos Flip,,,2022/11/12
1707,Aptos Yoka,,,2022/11/12
1708,Aptos Game,,,2022/11/12
1709,Aptos Gun,,,2022/11/12
1710,SleepyEarn,,,2022/11/12
1711,Imcoding.online,,,2022/11/12
1712,Y Labs,,,2022/11/12
1713,Essence Studios,,,2022/11/12
1714,RetroBoys,,,2022/11/12
1715,NFMS,,,2022/11/12
1716,AptoSport,,,2022/11/12
1717,Thunder Lands,,,2022/11/12
1718,ASTRO XP,,,2022/11/12
1719,HubGame,,,2022/11/12
1720,Monster Era,,,2022/11/12
1721,CryptoSkyland,,,2022/11/12
1722,Arcade,,,2022/11/12
1723,Soznanie,,,2022/11/12
1724,SingSing,YGG Sea,40,2022/11/12
1725,HeroBook,,,2022/11/12
1726,Heroes Of Lowhelm,,,2022/11/12
1727,"Dear, Ella",,,2022/11/12
1728,Planet IX,,,2022/11/12
1729,Portal Fantasy,,,2022/11/12
1730,ZomLand,,,2022/11/12
1731,NEO FANTASY,,,2022/11/12
1732,Cyberpop,Earn Guild,68,2022/11/12
1733,Heroes Land,,,2022/11/12
1734,Catheon Gaming,Earn Guild,68,2022/11/12
1735,Sky Meta,Cosmic Guild,15,2022/11/12
1736,Bora,GuildFi,25,2022/11/12
1737,Champion Strike : Crypto Arena,,,2022/11/12
1738,Ruler Of The Land: Era Of Factions,,,2022/11/12
